"Section ","Part number","Section ","Part","Information notes"
"1","1","Orientation","Time awareness (year, month, day)","This part assesses the patient’s ability to recognize the current year, month, and day. Questions focus on basic temporal orientation, such as identifying the date or day of the week. Correct responses demonstrate intact awareness of time, while errors may indicate disorientation or memory decline. Self‑administered multiple‑choice questions make the task accessible, reducing stress by offering clear options. This part is critical because time orientation is often one of the earliest cognitive domains affected in dementia, and monitoring accuracy provides valuable insight into progression and daily functioning."
"1","2","Orientation","Season recognition","This part evaluates whether the patient can correctly identify the current season and distinguish seasonal characteristics. Questions may ask about weather patterns, holidays, or natural changes like leaves falling or flowers blooming. Recognizing seasons requires integration of memory, environmental cues, and contextual knowledge. Errors may suggest impaired temporal awareness or difficulty linking external cues to internal memory. Multiple‑choice format ensures clarity and reduces frustration. This part is important because seasonal recognition reflects both long‑term memory and present‑moment awareness, offering a simple but meaningful measure of cognitive health."
"1","3","Orientation","Place awareness (home, hospital, city)","This part measures the patient’s ability to identify their current location, such as home, hospital, or city. Questions may ask about familiar environments or broader geographic orientation. Correct answers show intact spatial awareness and memory of surroundings. Mistakes may indicate confusion, disorientation, or difficulty with environmental recognition. The multiple‑choice format provides supportive cues, making the test less intimidating. Place awareness is vital for safety and independence, as patients must navigate environments confidently. This part helps detect early signs of spatial disorientation, a common symptom in dementia progression."
"1","4","Orientation","Personal identity (name, age, birthday)","This part focuses on self‑awareness, asking patients to recall personal details such as their name, age, or birthday. Questions are straightforward but essential, as self‑identity is a core cognitive function. Errors may indicate memory decline or confusion about personal history. Multiple‑choice options provide reassurance and reduce stress, allowing patients to select rather than recall freely. This part is critical because loss of personal identity awareness can affect confidence, independence, and emotional well‑being. Monitoring accuracy helps caregivers and clinicians track changes in self‑recognition over time."
"1","5","Orientation","Current events (holiday, season, news)","This part tests awareness of current events, such as holidays, seasonal activities, or simple news items. Questions may ask which holiday is celebrated in December or which season brings snow. Correct responses show integration of memory and environmental awareness. Mistakes may suggest difficulty connecting present‑day information with long‑term knowledge. Multiple‑choice format supports accessibility, offering cues that reduce anxiety. Awareness of current events reflects engagement with the world and social context, making this part valuable for assessing both memory and social orientation in dementia patients."
"1","6","Orientation","Daily routine awareness (morning, evening)","This part evaluates recognition of daily routines, such as eating breakfast in the morning or going to bed at night. Questions focus on sequencing and time‑linked activities. Correct answers demonstrate intact temporal awareness and memory of daily habits. Errors may indicate confusion about routine or difficulty sequencing events. Multiple‑choice format provides supportive cues, making the task easier for patients. Daily routine awareness is essential for independence and self‑care, so this part helps identify early disruptions in functional memory and orientation."
"1","7","Orientation","Spatial orientation (left/right, directions)","This part assesses the patient’s ability to recognize spatial directions such as left, right, up, and down. Questions may use arrows or simple scenarios. Correct responses show intact visuospatial processing and orientation. Mistakes may suggest difficulty with spatial reasoning or disorientation. Multiple‑choice format ensures clarity and reduces frustration. Spatial orientation is critical for navigation and safety, making this part an important measure of functional cognition. Monitoring accuracy helps detect early visuospatial decline, which often accompanies dementia progression."
"1","8","Orientation","Familiar environment recognition (room, street)","This part measures recognition of familiar environments, such as identifying a bedroom, kitchen, or living room. Questions may ask which room contains a bed or stove. Correct responses demonstrate intact memory and environmental awareness. Errors may indicate confusion or difficulty linking objects to locations. Multiple‑choice format provides supportive cues, reducing stress. Familiar environment recognition is vital for daily living, as patients must navigate their homes safely. This part helps detect early signs of spatial disorientation and memory decline."
"1","9","Orientation","Weather awareness (sunny, rainy, snowy)","This part evaluates recognition of weather conditions, such as sunny, rainy, snowy, or cloudy. Questions may ask which weather is hot or which is cold. Correct responses show integration of sensory cues and memory. Mistakes may suggest difficulty linking environmental cues to concepts. Multiple‑choice format ensures accessibility and reduces frustration. Weather awareness reflects both present‑moment orientation and contextual understanding, making this part useful for assessing cognitive health in dementia patients."
"1","10","Orientation","Social orientation (family, friends, caregivers)","This part focuses on recognition of social relationships, asking patients to identify family members, friends, or caregivers. Questions may ask who is your mother, father, or caregiver. Correct responses demonstrate intact social memory and emotional awareness. Errors may indicate decline in recognition or confusion about relationships. Multiple‑choice format provides supportive cues, reducing stress. Social orientation is critical for emotional well‑being and safety, making this part an essential measure of dementia progression."
"2","1","Memory","Immediate word recall","This part tests the patient’s ability to remember words presented just moments before. Questions ask which word was shown, requiring recognition and recall. Immediate recall reflects short‑term memory function, which is often affected early in dementia. Multiple‑choice options provide supportive cues, reducing stress and allowing patients to demonstrate recognition even if free recall is difficult. Monitoring accuracy helps identify subtle declines in memory retention and provides insight into how quickly information is lost. This part is essential for evaluating the integrity of short‑term memory processes."
"2","2","Memory","Delayed word recall","This part evaluates the patient’s ability to recall words after a short delay, such as five minutes. Questions ask which word was given earlier, testing retention over time. Delayed recall is a sensitive measure of memory impairment, as patients with dementia often struggle to retain information beyond immediate recall. Multiple‑choice format provides cues that reduce frustration and allow recognition even when recall is impaired. This part is important because delayed recall difficulties are a hallmark of dementia, making it a critical diagnostic indicator."
"2","3","Memory","Object recall (pictures shown earlier)","This part measures the patient’s ability to remember objects presented visually, such as a ball, cup, or shoe. Questions ask which object was shown earlier, requiring recognition of visual memory. Correct responses demonstrate intact visual recall, while errors may indicate difficulty encoding or retrieving visual information. Multiple‑choice format provides supportive cues, making the task accessible. Object recall is important because visual memory plays a key role in daily functioning, and decline in this area can affect recognition of familiar items and environments."
"2","4","Memory","Story recall (short narrative)","This part assesses the patient’s ability to remember details from a short story. Questions ask about characters, events, or outcomes, requiring comprehension and recall. Correct responses demonstrate intact episodic memory, while errors may indicate difficulty retaining narrative information. Multiple‑choice format provides cues that reduce stress and support recognition. Story recall is important because it reflects the ability to integrate and remember complex information, a skill often impaired in dementia. Monitoring performance helps track changes in episodic memory and comprehension.   Here is the story.  Really not much.  

""There is a boy that loses a dog.  Oh my!  He is sad, but eventually he gets over it when he starts playing with his toy cars in the sandbox""."
"2","5","Memory","Face recognition","This part evaluates the patient’s ability to recognize faces shown earlier, such as a smiling man or crying child. Questions ask which face was seen or which emotion is displayed. Correct responses demonstrate intact visual and emotional memory, while errors may indicate decline in recognition or difficulty interpreting expressions. Multiple‑choice format provides supportive cues, reducing stress. Face recognition is critical for social functioning, as patients must recognize family, friends, and caregivers. Decline in this area can affect relationships and emotional well‑being."
"2","6","Memory","Number recall (digit span)","This part measures the patient’s ability to remember sequences of numbers, such as 123 or 456. Questions ask which number was shown earlier or which sequence is correct. Correct responses demonstrate intact working memory, while errors may indicate difficulty retaining numerical information. Multiple‑choice format provides supportive cues, making the task accessible. Number recall is important because working memory supports everyday tasks like remembering phone numbers or instructions. Decline in this area can affect independence and problem‑solving ability."
"2","7","Memory","Daily events recall (breakfast, activities)","This part assesses the patient’s ability to recall daily events, such as meals or activities. Questions ask what was eaten for breakfast or what comes after lunch. Correct responses demonstrate intact memory of routine events, while errors may indicate difficulty recalling personal experiences. Multiple‑choice format provides supportive cues, reducing stress. Daily events recall is important because it reflects autobiographical memory and functional awareness, both critical for independence. Decline in this area can affect self‑care and daily living."
"2","8","Memory","Long-term memory (childhood, past events)","This part evaluates the patient’s ability to recall long‑term memories, such as childhood experiences or past events. Questions ask about milestones like graduation or retirement. Correct responses demonstrate intact long‑term memory, while errors may indicate decline in autobiographical recall. Multiple‑choice format provides supportive cues, making the task accessible. Long‑term memory is often preserved longer than short‑term memory in dementia, so monitoring changes provides valuable insight into progression. This part helps track the integrity of personal history and identity."
"2","9","Memory","Recognition of familiar songs or sayings","This part measures the patient’s ability to recognize familiar songs or sayings, such as “Happy Birthday” or “An apple a day.” Questions ask which song is sung at birthdays or which saying relates to health. Correct responses demonstrate intact cultural and semantic memory, while errors may indicate decline in recognition. Multiple‑choice format provides supportive cues, reducing stress. Recognition of familiar songs and sayings is important because it reflects preserved cultural knowledge and emotional connection, often providing comfort even in later stages of dementia."
"2","10","Memory","Paired association (matching items)","This part assesses the patient’s ability to recognize pairs of related items, such as spoon and fork or book and pen. Questions ask which items go together, requiring associative memory. Correct responses demonstrate intact ability to link concepts, while errors may indicate decline in associative processing. Multiple‑choice format provides supportive cues, making the task accessible. Paired association is important because it reflects the ability to connect ideas and objects, a skill essential for problem‑solving and daily functioning. Decline in this area can affect independence."
"3","1","Attention & Calculation","Counting forward","This part assesses the patient’s ability to count forward in sequence, such as identifying the number after 5 or 10. Correct responses demonstrate intact attention and sequencing skills. Errors may suggest difficulty maintaining focus or processing numerical order. Multiple‑choice format provides supportive cues, reducing stress. Counting forward is a basic but essential cognitive skill, reflecting working memory and concentration. Monitoring performance helps detect early signs of attention decline, which can affect daily tasks like handling money or following instructions."
"3","2","Attention & Calculation","Counting backward","This part evaluates the patient’s ability to count backward, such as identifying the number before 10 or 20. Backward counting requires greater cognitive effort than forward counting, engaging working memory and attention. Correct responses demonstrate intact sequencing and focus, while errors may indicate difficulty with concentration or mental flexibility. Multiple‑choice format provides supportive cues, making the task accessible. Counting backward is important because it reflects executive control and sustained attention, skills often impaired in dementia. Monitoring accuracy helps track changes in cognitive processing."
"3","3","Attention & Calculation","Serial subtraction (by 7s, 3s)","This part measures the patient’s ability to perform serial subtraction, such as subtracting 7 from 100 repeatedly. Correct responses demonstrate intact calculation skills, attention, and working memory. Errors may indicate difficulty with arithmetic or sustaining focus. Multiple‑choice format provides supportive cues, reducing frustration. Serial subtraction is a classic test of attention and calculation, often used in clinical screening. It requires concentration and mental endurance, making it a sensitive measure of cognitive decline in dementia."
"3","4","Attention & Calculation","Digit span forward","This part assesses the patient’s ability to repeat sequences of numbers in the same order, such as 3‑5‑7. Correct responses demonstrate intact short‑term memory and attention. Errors may indicate difficulty retaining or sequencing information. Multiple‑choice format provides supportive cues, making the task accessible. Digit span forward is important because it reflects working memory capacity, a skill essential for everyday tasks like remembering phone numbers or instructions. Decline in this area can affect independence and problem‑solving ability."
"3","5","Attention & Calculation","Digit span backward","This part evaluates the patient’s ability to repeat sequences of numbers in reverse order, such as 7‑5‑3. Correct responses demonstrate intact working memory and mental flexibility. Errors may indicate difficulty manipulating information or sustaining attention. Multiple‑choice format provides supportive cues, reducing stress. Digit span backward is more challenging than forward, making it a sensitive measure of executive function. Monitoring performance helps detect early decline in working memory and attention, which are often affected in dementia."
"3","6","Attention & Calculation","Simple arithmetic (addition, subtraction)","This part measures the patient’s ability to perform basic arithmetic, such as addition or subtraction. Correct responses demonstrate intact calculation skills and attention. Errors may indicate difficulty with numerical reasoning or focus. Multiple‑choice format provides supportive cues, making the task accessible. Simple arithmetic is important because it reflects functional numeracy, a skill essential for daily living tasks like shopping or budgeting. Decline in this area can affect independence and financial safety."
"3","7","Attention & Calculation","Word search in letters (find 'A')","This part assesses the patient’s ability to identify specific letters within a sequence, such as finding “A” in ABCD. Correct responses demonstrate intact attention and visual scanning. Errors may indicate difficulty focusing or processing symbols. Multiple‑choice format provides supportive cues, reducing stress. Word search tasks are important because they reflect sustained attention and visual processing, skills essential for reading and comprehension. Decline in this area can affect communication and daily functioning."
"3","8","Attention & Calculation","Pattern recognition (odd/even numbers)","This part evaluates the patient’s ability to recognize numerical patterns, such as identifying odd or even numbers. Correct responses demonstrate intact reasoning and attention. Errors may indicate difficulty processing numerical concepts or sustaining focus. Multiple‑choice format provides supportive cues, making the task accessible. Pattern recognition is important because it reflects logical reasoning and categorization, skills often impaired in dementia. Monitoring accuracy helps track changes in cognitive processing."
"3","9","Attention & Calculation","Focus tasks (spot the difference)","This part measures the patient’s ability to identify differences among items, such as recognizing which word or object does not belong. Correct responses demonstrate intact attention and reasoning. Errors may indicate difficulty focusing or categorizing information. Multiple‑choice format provides supportive cues, reducing stress. Focus tasks are important because they reflect selective attention and problem‑solving, skills essential for daily decision‑making. Decline in this area can affect independence and safety."
"3","10","Attention & Calculation","Sustained attention (repeat sequence)","This part assesses the patient’s ability to repeat sequences accurately, such as 1‑2‑3 or 4‑5‑6. Correct responses demonstrate intact sustained attention and working memory. Errors may indicate difficulty maintaining focus or sequencing information. Multiple‑choice format provides supportive cues, making the task accessible. Sustained attention is critical for daily functioning, as patients must maintain focus over time to complete tasks. Decline in this area can affect independence and quality of life."
"4","1","Language","Naming common objects","This part assesses the patient’s ability to correctly name everyday objects such as a clock, dog, or chair. Naming common items reflects intact language production and semantic memory. Errors may indicate word‑finding difficulties or impaired object recognition, both common in dementia. Multiple‑choice format provides supportive cues, reducing stress and allowing recognition even when spontaneous naming is difficult. This part is important because naming everyday objects is essential for communication and independence, and decline in this area can affect daily interactions and confidence."
"4","2","Language","Naming less common objects","This part evaluates the patient’s ability to name less familiar objects, such as a piano, ladder, or hammer. Correct responses demonstrate intact vocabulary and semantic memory, while errors may indicate difficulty accessing less frequently used words. Multiple‑choice format provides supportive cues, making the task accessible. Naming less common objects is important because it challenges deeper vocabulary recall, helping detect subtle language decline. Monitoring performance provides insight into the breadth of language skills and the progression of dementia."
"4","3","Language","Sentence repetition","This part measures the patient’s ability to repeat simple sentences accurately, such as “The sun is bright.” Correct responses demonstrate intact auditory comprehension and verbal memory. Errors may indicate difficulty processing or retaining language. Multiple‑choice format provides supportive cues, reducing stress. Sentence repetition is important because it reflects both comprehension and working memory, skills essential for communication. Decline in this area can affect the ability to follow instructions and engage in conversation."
"4","4","Language","Following simple instructions","This part assesses the patient’s ability to follow straightforward commands, such as “Touch your nose” or “Clap your hands.” Correct responses demonstrate intact comprehension and motor planning. Errors may indicate difficulty understanding language or executing instructions. Multiple‑choice format provides supportive cues, making the task accessible. Following simple instructions is important because it reflects functional comprehension, a skill essential for daily living. Decline in this area can affect independence and safety."
"4","5","Language","Following complex instructions","This part evaluates the patient’s ability to follow multi‑step commands, such as “Touch your nose then clap.” Correct responses demonstrate intact comprehension, sequencing, and attention. Errors may indicate difficulty processing complex language or executing multi‑step tasks. Multiple‑choice format provides supportive cues, reducing stress. Following complex instructions is important because it reflects executive function and comprehension, skills often impaired in dementia. Monitoring performance helps track changes in the ability to process and act on complex information."
"4","6","Language","Reading comprehension (short sentences)","This part measures the patient’s ability to read and understand short sentences, such as “The cat is on the mat.” Correct responses demonstrate intact reading skills and comprehension. Errors may indicate difficulty processing written language or retaining meaning. Multiple‑choice format provides supportive cues, making the task accessible. Reading comprehension is important because it reflects literacy and functional communication, skills essential for independence. Decline in this area can affect the ability to read signs, instructions, or personal notes."
"4","7","Language","Writing a simple sentence","This part assesses the patient’s ability to construct simple sentences, such as “I eat rice.” Correct responses demonstrate intact language production and grammar. Errors may indicate difficulty with word order, syntax, or memory. Multiple‑choice format provides supportive cues, reducing stress. Writing simple sentences is important because it reflects expressive language skills, a critical component of communication. Decline in this area can affect the ability to write notes, fill forms, or communicate in writing."
"4","8","Language","Word fluency (list animals, colors)","This part evaluates the patient’s ability to generate words within categories, such as animals or colors. Correct responses demonstrate intact semantic memory and verbal fluency. Errors may indicate difficulty accessing vocabulary or organizing language. Multiple‑choice format provides supportive cues, making the task accessible. Word fluency is important because it reflects executive function and language skills, both often impaired in dementia. Monitoring performance helps track changes in verbal productivity and semantic memory."
"4","9","Language","Understanding opposites (hot/cold, big/small)","This part measures the patient’s ability to recognize opposites, such as hot versus cold or big versus small. Correct responses demonstrate intact semantic knowledge and comprehension. Errors may indicate difficulty processing concepts or accessing vocabulary. Multiple‑choice format provides supportive cues, reducing stress. Understanding opposites is important because it reflects conceptual reasoning and language comprehension, skills essential for communication. Decline in this area can affect the ability to understand instructions and everyday language."
"4","10","Language","Synonym/antonym recognition","This part assesses the patient’s ability to recognize synonyms and antonyms, such as happy versus joyful or happy versus sad. Correct responses demonstrate intact semantic memory and vocabulary. Errors may indicate difficulty accessing word relationships or processing meaning. Multiple‑choice format provides supportive cues, making the task accessible. Synonym and antonym recognition is important because it reflects deeper language comprehension and flexibility, skills often impaired in dementia. Monitoring performance helps track changes in vocabulary and semantic processing."
"5","1","Visuospatial Skills","Shape recognition (circle, square, triangle)","This part assesses the patient’s ability to recognize basic geometric shapes such as circles, squares, and triangles. Correct responses demonstrate intact visual perception and categorization skills. Errors may indicate difficulty processing visual information or distinguishing between shapes. Multiple‑choice format provides supportive cues, reducing stress. Shape recognition is important because it reflects fundamental visuospatial processing, a skill essential for navigation and daily functioning. Decline in this area can affect the ability to recognize objects, signs, or symbols in everyday life."
"5","2","Visuospatial Skills","Shape matching","This part evaluates the patient’s ability to match shapes, such as identifying which figure corresponds to a circle or square. Correct responses demonstrate intact visual memory and pattern recognition. Errors may indicate difficulty linking visual cues to stored knowledge. Multiple‑choice format provides supportive cues, making the task accessible. Shape matching is important because it reflects the ability to compare and categorize visual information, skills essential for problem‑solving and daily tasks. Decline in this area can affect recognition of familiar objects and environments."
"5","3","Visuospatial Skills","Clock drawing (specific times)","This part measures the patient’s ability to recognize or interpret clock faces showing specific times, such as 3:00 or 6:00. Correct responses demonstrate intact visuospatial reasoning and temporal awareness. Errors may indicate difficulty interpreting visual symbols or linking them to concepts of time. Multiple‑choice format provides supportive cues, reducing stress. Clock drawing is a classic test in dementia screening, reflecting both visuospatial skills and orientation to time. Monitoring performance helps detect early decline in these cognitive domains."
"5","4","Visuospatial Skills","Map orientation (find location)","This part assesses the patient’s ability to interpret simple maps and identify directions such as north, south, east, or west. Correct responses demonstrate intact spatial reasoning and orientation. Errors may indicate difficulty processing spatial relationships or navigating environments. Multiple‑choice format provides supportive cues, making the task accessible. Map orientation is important because it reflects the ability to navigate and understand spatial layouts, skills essential for independence and safety. Decline in this area can affect the ability to travel or recognize familiar places."
"5","5","Visuospatial Skills","Copying simple figures","This part evaluates the patient’s ability to recognize and mentally reproduce simple figures such as circles, squares, or triangles. Correct responses demonstrate intact visual perception and motor planning. Errors may indicate difficulty processing visual information or coordinating responses. Multiple‑choice format provides supportive cues, reducing stress. Copying simple figures is important because it reflects visuospatial and motor integration, skills essential for daily tasks like writing or drawing. Decline in this area can affect functional independence."
"5","6","Visuospatial Skills","Copying complex figures","This part measures the patient’s ability to recognize and mentally reproduce more complex figures such as hexagons or stars. Correct responses demonstrate intact visuospatial reasoning and attention to detail. Errors may indicate difficulty processing complex visual information or sustaining focus. Multiple‑choice format provides supportive cues, making the task accessible. Copying complex figures is important because it challenges higher‑level visuospatial skills, helping detect subtle decline in dementia progression."
"5","7","Visuospatial Skills","Spatial reasoning (which fits where)","This part assesses the patient’s ability to determine which object fits into a given space, such as matching pegs to holes. Correct responses demonstrate intact spatial reasoning and problem‑solving. Errors may indicate difficulty processing spatial relationships or planning actions. Multiple‑choice format provides supportive cues, reducing stress. Spatial reasoning is important because it reflects the ability to interact with the environment safely and effectively. Decline in this area can affect independence and daily functioning."
"5","8","Visuospatial Skills","Object rotation (mental rotation tasks)","This part evaluates the patient’s ability to recognize shapes or objects when rotated, such as identifying a square turned 90°. Correct responses demonstrate intact mental rotation and visuospatial processing. Errors may indicate difficulty manipulating visual information mentally. Multiple‑choice format provides supportive cues, making the task accessible. Object rotation is important because it reflects spatial flexibility and problem‑solving, skills often impaired in dementia. Monitoring performance helps track changes in visuospatial reasoning."
"5","9","Visuospatial Skills","Puzzle completion (missing piece)","This part measures the patient’s ability to identify missing pieces in puzzles, such as recognizing which shape completes a figure. Correct responses demonstrate intact problem‑solving and visuospatial reasoning. Errors may indicate difficulty integrating visual information or recognizing patterns. Multiple‑choice format provides supportive cues, reducing stress. Puzzle completion is important because it reflects logical reasoning and visual integration, skills essential for daily problem‑solving. Decline in this area can affect independence and confidence."
"5","10","Visuospatial Skills","Path tracing (follow a line)","This part assesses the patient’s ability to follow a path or line to its endpoint, such as tracing a route to an exit. Correct responses demonstrate intact attention, visuospatial reasoning, and problem‑solving. Errors may indicate difficulty sustaining focus or processing spatial layouts. Multiple‑choice format provides supportive cues, making the task accessible. Path tracing is important because it reflects navigation skills and spatial awareness, both critical for independence and safety. Decline in this area can affect the ability to move confidently through environments."
"6","1","Executive Function","Sequencing daily tasks (morning routine)","This part assesses the patient’s ability to order everyday activities, such as brushing teeth, eating breakfast, and getting dressed. Correct responses demonstrate intact sequencing and planning skills. Errors may indicate difficulty organizing tasks or remembering routines. Multiple‑choice format provides supportive cues, reducing stress. Sequencing daily tasks is important because it reflects executive functioning and independence. Decline in this area can affect self‑care and daily living, making it a critical measure of dementia progression."
"6","2","Executive Function","Planning a trip (logical order)","This part evaluates the patient’s ability to plan a trip by arranging steps such as booking tickets, packing, and boarding a plane. Correct responses demonstrate intact planning and logical reasoning. Errors may indicate difficulty organizing multi‑step tasks or anticipating future needs. Multiple‑choice format provides supportive cues, making the task accessible. Planning a trip is important because it reflects executive function and foresight, skills often impaired in dementia. Monitoring performance helps track changes in problem‑solving and planning abilities."
"6","3","Executive Function","Problem-solving (simple riddles)","This part measures the patient’s ability to solve simple riddles, such as identifying what has keys but no locks. Correct responses demonstrate intact reasoning and abstract thinking. Errors may indicate difficulty processing concepts or applying logic. Multiple‑choice format provides supportive cues, reducing stress. Problem‑solving tasks are important because they reflect executive function and cognitive flexibility, skills essential for daily decision‑making. Decline in this area can affect independence and confidence."
"6","4","Executive Function","Abstract reasoning (proverbs, metaphors)","This part assesses the patient’s ability to interpret proverbs or metaphors, such as “A stitch in time saves nine.” Correct responses demonstrate intact abstract reasoning and comprehension. Errors may indicate difficulty processing figurative language or applying concepts. Multiple‑choice format provides supportive cues, making the task accessible. Abstract reasoning is important because it reflects higher‑level cognitive processing, often impaired in dementia. Monitoring performance helps track changes in comprehension and reasoning."
"6","5","Executive Function","Categorization (group items)","This part evaluates the patient’s ability to categorize items, such as grouping animals or tools. Correct responses demonstrate intact reasoning and organizational skills. Errors may indicate difficulty recognizing relationships or processing concepts. Multiple‑choice format provides supportive cues, reducing stress. Categorization is important because it reflects semantic memory and executive function, skills essential for problem‑solving and daily living. Decline in this area can affect independence and confidence."
"6","6","Executive Function","Sorting tasks (by color, size)","This part measures the patient’s ability to sort items by attributes such as color or size. Correct responses demonstrate intact reasoning and attention to detail. Errors may indicate difficulty processing categories or organizing information. Multiple‑choice format provides supportive cues, making the task accessible. Sorting tasks are important because they reflect executive function and problem‑solving, skills often impaired in dementia. Monitoring performance helps track changes in organizational ability."
"6","7","Executive Function","Decision-making (choose best option)","This part assesses the patient’s ability to make decisions, such as choosing the healthiest food or safest action. Correct responses demonstrate intact judgment and reasoning. Errors may indicate difficulty evaluating options or applying logic. Multiple‑choice format provides supportive cues, reducing stress. Decision‑making is important because it reflects executive function and judgment, skills essential for independence and safety. Decline in this area can affect daily choices and well‑being."
"6","8","Executive Function","Conflict resolution (what to do first)","This part evaluates the patient’s ability to resolve conflicts, such as deciding to listen before responding. Correct responses demonstrate intact reasoning and emotional regulation. Errors may indicate difficulty processing social situations or applying logic. Multiple‑choice format provides supportive cues, making the task accessible. Conflict resolution is important because it reflects executive function and social reasoning, skills essential for relationships and communication. Decline in this area can affect emotional well‑being and social interactions."
"6","9","Executive Function","Predicting outcomes (if/then scenarios)","This part measures the patient’s ability to predict outcomes, such as recognizing that planting a seed leads to growth. Correct responses demonstrate intact reasoning and foresight. Errors may indicate difficulty processing cause‑and‑effect relationships. Multiple‑choice format provides supportive cues, reducing stress. Predicting outcomes is important because it reflects logical reasoning and executive function, skills essential for planning and safety. Decline in this area can affect independence and confidence."
"6","10","Executive Function","Multi-step reasoning (follow 3-step instruction)","This part assesses the patient’s ability to follow multi‑step instructions, such as clap, stand, and sit. Correct responses demonstrate intact sequencing, attention, and comprehension. Errors may indicate difficulty processing complex tasks or sustaining focus. Multiple‑choice format provides supportive cues, making the task accessible. Multi‑step reasoning is important because it reflects executive function and working memory, skills often impaired in dementia. Monitoring performance helps track changes in sequencing and problem‑solving ability."