"ID: Question number","Section","Part","Question","Option 1","Option 2","Option 3","Option 4",,
"1","1","1","With 13 HCP and a 5‑card spade suit, what is the correct opening bid?","1♠","1NT","Pass",,,"Basic principle: 12+ HCP and a 5‑card major → open 1♠."
"2","1","1","With 13 HCP balanced and ♠KJx ♥Kxx ♦Qxx ♣Axxx, what is the correct opening bid?","1NT","1♣","Pass",,,"Basic principle: 13 HCP balanced is below 1NT range; open a minor."
"3","1","1","With 20 HCP balanced, what is the correct opening bid?","2NT","1NT","2♣",,,"Basic principle: 20–21 HCP balanced → open 2NT."
"4","1","1","With 22 HCP balanced, what is the correct opening bid?","2♣","2NT","1NT",,,"Basic principle: 22+ HCP balanced → open 2♣, then rebid NT."
"5","1","1","With 15 HCP balanced and ♠KQxx ♥Axx ♦Axx ♣Qxx, what is the correct opening bid?","1NT","1♠","1♥",,,"Basic principle: 15–17 HCP balanced → open 1NT."
"6","1","2","With 11 HCP and ♠KQJxx ♥Kx ♦Qxx ♣xxx, what should you do?","Open 1♠","Pass","Preempt 2♠",,,"Minimum requirement: distributional upgrade allows opening 1♠ with 11 HCP."
"7","1","2","With 12 HCP and ♠AQxxx ♥Kxx ♦Qxx ♣Jx, what is the correct opening bid?","Pass","1NT","1♠",,,"Minimum requirement: 12 HCP meets threshold; open 1♠ with a 5‑card major."
"8","1","2","With 13 HCP balanced and ♠KJx ♥Kxx ♦Qxx ♣Axxx, what is the correct opening bid?","1♣","1NT","Pass",,,"Minimum requirement: 13 HCP balanced must start with a suit, not 1NT."
"9","1","2","With 14 HCP and ♠AQJxx ♥Kxx ♦Jxx ♣Kx, what is the correct opening bid?","2♣","1NT","Pass",,,"Minimum requirement: 14 HCP with a 5‑card major → open the major."
"10","1","2","With 11 HCP and ♠KQJxx ♥Kx ♦Qxx ♣xxx, what is the correct opening bid?","1♠","Pass","2♠",,,"Minimum requirement: distributional upgrade allows opening 1♠ with 11 HCP."
"11","1","3","With 15 HCP balanced and ♠KQxx ♥Axx ♦Axx ♣Qxx, what is your opening bid?","1NT","1♠","1♥",,,"HCP = 15. 13 cards: ♠4, ♥3, ♦3, ♣3. Balanced 15 → open 1NT."
"12","1","3","With 22 HCP balanced, what is the correct opening bid?","2♣","2NT","1NT",,,"Strong balanced hands 22+ open 2♣."
"13","1","3","With 14 HCP balanced and ♠AQx ♥Kxx ♦Qxx ♣Kxxx, what is your opening bid?","1NT","1♣","Pass",,,"HCP = 14. Balanced. 1NT requires 15–17, so open 1♣."
"14","1","3","With 20 HCP balanced and ♠AQx ♥AQx ♦KQx ♣K10x, what is your opening bid?","2NT","1NT","2♣",,,"20–21 balanced → open 2NT."
"15","1","3","With 18 HCP balanced and ♠AKx ♥AQx ♦Qxx ♣Kxxx, what is your opening bid?","1♣","1NT","2NT",,,"18 balanced → too strong for 1NT (15–17). Open 1♣ planning a strong rebid."
"16","1","4","Partner opens 1NT (15–17). You have 10 HCP balanced. What is your bid?","3NT","2NT","Pass","1NT",,
"17","1","4","Partner opens 1NT. You have 4 HCP. Your bid?","Pass","2NT","3NT","1♥",,, simply pass."
"18","1","4","With 18 HCP balanced and corrected hand ♠KQx ♥Kxx ♦KQx ♣KQxx (actual 18 HCP), what is your opening bid?","1NT","1♣","2NT",,,"Balanced 18 → open 1♣ planning strong rebid. Not enough for 2NT (20–21)."
"19","1","4","With corrected 15 HCP and ♠KQxx ♥KQx ♦Kxx ♣Qxx, what is your opening bid?","1NT","1♣","Pass",,,"15 balanced → open 1NT."
"20","1","4","Partner opens 1NT. You have 8 HCP with a 5-card major. Bid?","2♥","3NT","Pass","2♣",,
"21","1","5","With 13 HCP balanced and ♠KQx ♥Kxx ♦Kxx ♣Qxxx, what is your opening bid?","1♣","1NT","Pass",,,"13 HCP → open 1♣ (lowest minor)."
"22","1","5","With 13 HCP unbalanced and ♠KQx ♥Kxx ♦KQxx ♣xxx, what is your opening bid?","1♦","1NT","1♥",,,"Longest suit = ♦. Open 1♦."
"23","1","5","You have 6 HCP and a 6-card suit. What should you do?","Preempt 2-level","Open 1 of suit","Pass","3NT",,
"24","1","5","With 13 HCP and ♠KQx ♥Kxx ♦Qxx ♣Kxxx, what is your opening bid?","1♣","1NT","1♦",,,"Balanced 13 but not strong enough for 1NT → choose better minor. ♦Qxx and ♣Kxx → 1♦."
"25","1","5","With 13 HCP and ♠KQxx ♥Kxx ♦Kxx ♣Qxx, what is your opening bid?","1NT","1♣","1♦",,,"Open 1♣ (better minor)."
"26","1","6","With 12 HCP holding one honor per suit (constructed), what do you open?","1♣","Pass","1♦",,,"12–14 balanced → 1NT is acceptable with no 5-card major."
"27","1","6","With 12 HCP and flat honors, what is your opening?","1NT","1♣","Pass",,,"12–14 balanced → 1NT."
"28","1","6","With 12 HCP and one honor in each suit, how do you open?","1♣","1NT","Pass",,,"Same logic: 12–14 balanced → 1NT."
"29","1","6","You have 12 HCP balanced. What do you open?","1NT","1♣","Pass","1♦",,
"30","1","6","12 HCP balanced. Correct opening?","1NT","Pass","1♦","1♥",,
"31","1","7","You have 7 HCP with a 6-card major. What do you do?","2♥","Pass","1♥","3♥",,
"32","1","7","You have 7 HCP and a 6-card major. Your action?","2♠","1♠","Pass","3♠",,
"33","1","7","You have 7 HCP and a long major. What is your bid?","2♥","Pass","1♥","3♥",,
"34","1","7","You have 7 HCP and 6 hearts. Action?","2♥","1♥","Pass","3♥",,
"35","1","7","You have 7 HCP and 6 spades. What do you do?","2♠","1♠","Pass","3♠",,
"36","1","8","You have 7 HCP with a long major. Bid?","2♠","Pass","1♠","3♠",,
"37","1","8","7 HCP, 6-card major. Bid?","2♥","1♥","Pass",,,"Weak 2."
"38","1","8","7 HCP 6-card spade suit. Opening?","2♠","1♠","Pass","3♠",,
"39","1","8","7 HCP and 6-card heart suit. Opening bid?","2♥","1♥","Pass","3♥",,
"40","1","8","7 HCP and 6 spades. What’s your opening?","2♠","1♠","Pass","3♠",,
"41","1","9","7 HCP and long major. Bid?","2♥","1♥","Pass","3♥",,
"42","1","9","7 HCP with 6 spades. Opening?","2♠","1♠","Pass","3♠",,
"43","1","9","7 HCP with 6 hearts. Opening bid?","2♥","1♥","Pass","3♥",,
"44","1","9","With 13 HCP and ♠KQx ♥Kxxx ♦Kxx ♣Qxx, what do you open?","1♣","1NT","1♦",,,"Open 1♣."
"45","1","9","Corrected 12 HCP hand: ♠KQxx ♥Kxx ♦Qxx ♣Qxx — what do you open?","1♣","Pass","1NT","1♦",,
"46","1","10","Corrected 16 HCP balanced: ♠KQx ♥Kxx ♦Kxx ♣KQxx. What do you open?","1NT","1♣","Pass","2NT",,
"47","1","10","Partner opens 1NT. You have 9 HCP and balanced hand. What is your bid?","2NT","3NT","Pass","1NT",,
"48","1","10","Corrected 20 HCP balanced 13-card hand ♠AKxx ♥KQx ♦KQx ♣Kxx. What do you open?","2NT","2♣","1NT","Pass",,
"49","1","10","Partner opens 1NT. You have 16 HCP. Your bid?","3NT","Pass","2NT","4NT",,
"50","1","10","With 18 HCP hand ♠KQx ♥KQx ♦Kxx ♣KQxx. What is your opening bid?","1♣","1NT","2NT","Pass",,
"51","2","1","Partner opens 1♠. You hold ♠Kxx ♥Qxx ♦Kxxx ♣Qxx (10 HCP). What is your response?","1NT","2♠","Pass","2NT",,, Q=2, K=3, Q=2). With 6–10 HCP and no major fit, respond 1NT."
"52","2","1","Partner opens 1♥. You hold ♠Kxx ♥Qxxx ♦Kxx ♣Qxx (10 HCP). What is your response?","2♥","1NT","2NT","Pass",,, make a single raise to 2♥."
"53","2","1","Partner opens 1♠. You hold ♠Qxxx ♥Kxx ♦Qxx ♣Kxx (10 HCP). What is your response?","2♠","3♠","1NT","Pass",,, K=3, Q=2, K=3). 10 HCP with 4-card support is the top of the 6–10 HCP range; however, 3♠ is chosen here as an Invitational stretch due to the quality of the support."
"54","2","1","Partner opens 1♥. You hold ♠Kxx ♥Qxx ♦Kxxx ♣Qxx (10 HCP). What is your response?","2♥","3♥","2NT","1NT",,, Q=2, K=3, Q=2). With 3-card support and 10 HCP, a 3♥ Invitational bid is common if the hand has good secondary values."
"55","2","1","Partner opens 1♠. You hold ♠KQxx ♥Qxx ♦Kxx ♣xxx (10 HCP). What is your response?","4♠","3♠","2♠","2NT",,
"56","2","2","Partner opens 1♥. You hold ♠Kxx ♥Qxx ♦Kxx ♣Kxxx (11 HCP). What is your response?","1NT","2♥","Pass","2NT",,, Q=2, K=3, K=3). This is on the cusp of 6–10 HCP vs. 11–12 HCP. Since it lacks a 4-card fit, 1NT is the most descriptive response (forcing opener to bid again)."
"57","2","2","Partner opens 1♠. You hold ♠Qxx ♥Kxx ♦Kxx ♣Kxxx (11 HCP). What is your response?","2♠","1NT","Pass","2NT",,, K=3, K=3, K=3). No 4-card fit. 1NT is the correct descriptive response for this point range."
"58","2","2","Partner opens 1♥. You hold ♠Kxx ♥Qxxx ♦Kxx ♣KJx (12 HCP). What is your response?","3♥","2♥","1NT","Pass",,, Q=2, K=3, K=3). With 4-card support and 11–12 HCP (Invitational), jump to 3♥."
"59","2","2","Partner opens 1♠. You hold ♠Kxxx ♥Qxx ♦Kxx ♣Kxx (11 HCP). What is your response?","1NT","2♠","3♠","Pass",,, raise to 3♠."
"60","2","2","Partner opens 1♥. You hold ♠Kxx ♥Qxx ♦Kxxx ♣Kxx (11 HCP). What is your response?","4♥","3♥","2♥","2NT",,
"61","2","3","Partner opens 1♠. You hold ♠Kxxx ♥Qxx ♦Kxx ♣Jxx (9 HCP). What is your response?","1NT","2♠","Pass","2NT",,, respond 1NT."
"62","2","3","Partner opens 1♥. You hold ♠Kxx ♥Qxxx ♦Kxx ♣Qxx (10 HCP). What is your response?","2♥","1NT","Pass","2NT",,, raise to 2♥."
"63","2","3","Partner opens 1♠. You hold ♠Qxxx ♥Kxx ♦Qxx ♣Jxx (8 HCP). What is your response?","2♠","3♠","1NT","Pass",,, K=3, Q=2, J=1). 8 HCP is typically a 2♠ raise, not 3♠. The Correct Answer should be 2♠."
"64","2","3","Partner opens 1♥. You hold ♠Kxx ♥Qxx ♦Kxxx ♣Jxx (9 HCP). What is your response?","2♥","3♥","2NT","1NT",,
"65","2","3","Partner opens 1♠. You hold ♠KQxx ♥Qxx ♦Kxx ♣xxx (10 HCP). What is your response?","4♠","3♠","2♠","2NT",,
"66","2","4","Partner opens 1♥. You hold ♠Kxxx ♥Qxx ♦Kxx ♣Qxx (10 HCP). What is your response?","1NT","2♥","Pass","2NT",,, respond 1NT."
"67","2","4","Partner opens 1♠. You hold ♠Qxxx ♥Kxx ♦Kxx ♣Qxx (10 HCP). What is your response?","2♠","1NT","Pass","2NT",,, make a single raise to 2♠."
"68","2","4","Partner opens 1♥. You hold ♠Kxx ♥Qxxx ♦Kxx ♣Qxx (10 HCP). What is your response?","3♥","2♥","1NT","Pass",,, 3♥ is a common Invitational stretch for 10-12 HCP hands with good 4-card support."
"69","2","4","Partner opens 1♠. You hold ♠KQxx ♥Qxx ♦Kxx ♣xxx (10 HCP). What is your response?","3♠","2♠","1NT","Pass",,, a 3♠ Invitational raise is the best option."
"70","2","4","Partner opens 1♥. You hold ♠Kxx ♥Qxx ♦KQxx ♣xxx (10 HCP). What is your response?","4♥","3♥","2♥","2NT",,
"71","2","5","Partner opens 1♠. You hold ♠Kxxx ♥Qxx ♦Kxx ♣Qxx (10 HCP). What is your response?","1NT","2♠","Pass","2NT",,, respond 1NT."
"72","2","5","Partner opens 1♥. You hold ♠Kxx ♥Qxxx ♦Kxx ♣Qxx (10 HCP). What is your response?","2♥","1NT","Pass","2NT",,, raise to 2♥."
"73","2","5","Partner opens 1♠. You hold ♠Qxxx ♥Kxx ♦Qxx ♣Qxx (9 HCP). What is your response?","2♠","3♠","1NT","Pass",,, K=3, Q=2, Q=2). 9 HCP with 4-card support should be a 2♠ raise. The Correct Answer should be 2♠."
"74","2","5","Partner opens 1♥. You hold ♠Kxx ♥Qxx ♦Kxxx ♣Qxx (10 HCP). What is your response?","2♥","3♥","2NT","1NT",,, a 3♥ Invitational bid is common if the hand has good secondary values."
"75","2","5","Partner opens 1♠. You hold ♠Kxxx ♥Qxx ♦Kxx ♣Qxx (10 HCP). What is your response?","3♠","3♠","2♠","2NT",,
"76","2","6","Partner opens 1♥. You hold ♠Kxx ♥Qxx ♦Kxx ♣Qxxx (10 HCP). What is your response? ","1NT","2♥","Pass","2NT",,, respond 1NT."
"77","2","6","Partner opens 1♠. You hold ♠Qxx ♥Kxx ♦Kxx ♣Qxxx (10 HCP). What is your response? ","2♠","1NT","Pass","2NT",,, make a single raise to 2♠."
"78","2","6","Partner opens 1♠. You hold ♠KQxx ♥Qxx ♦Kxx ♣Qxx (12 HCP). What is your response? ","3♥","2♥","1NT","Pass",,, 3♥ is a common Invitational stretch."
"79","2","6","Partner opens 1♠. You hold ♠KQxx ♥Qxx ♦Kxx ♣xxx (10 HCP). What is your response?","3♠","2♠","1NT","Pass",,, a 3♠ Invitational raise is the best option."
"80","2","6","Partner opens 1♥. You hold ♠Kxx ♥Qxx ♦KQxx ♣xxx (10 HCP). What is your response? ","4♥","3♥","2♥","2NT",,
"81","2","7","Partner opens 1♠. You hold ♠Kxx ♥Qxx ♦Kxx ♣Qxxx (10 HCP). What is your response? ","1NT","2♠","Pass","2NT",,, respond 1NT."
"82","2","7","Partner opens 1♥. You hold ♠Kxx ♥Qxxx ♦Kxx ♣Qxx (10 HCP). What is your response?","2♥","1NT","Pass","2NT",,, raise to 2♥."
"83","2","7","Partner opens 1♠. You hold ♠Qxxx ♥Kxx ♦Qxx ♣Qxx (9 HCP). What is your response?","2♠","3♠","1NT","Pass",,, 9 HCP should be a 2♠ raise. The original ""B"" (3♠) is incorrect for 9 HCP."
"84","2","7","Partner opens 1♥. You hold ♠Kxx ♥Qxx ♦KQxx ♣xxx (10 HCP). What is your response?","2♥","3♥","2NT","1NT",,, a 3♥ Invitational bid is common."
"85","2","7","Partner opens 1♠. You hold ♠KQxx ♥Qxx ♦Kxx ♣xxx (10 HCP). What is your response? ","3♠","3♠","2♠","2NT",,
"86","2","8","Partner opens 1♥. You hold ♠Kxx ♥Qxx ♦Kxx ♣Qxxx (10 HCP). What is your response? ","1NT","2♥","Pass","2NT",,, respond 1NT."
"87","2","8","Partner opens 1♠. You hold ♠Qxx ♥Kxx ♦Kxx ♣Qxxx (10 HCP). What is your response? ","2♠","1NT","Pass","2NT",,, make a single raise to 2♠."
"88","2","8","Partner opens 1♥. You hold ♠Kxx ♥Qxxx ♦Kxx ♣Qxx (10 HCP). What is your response?","3♥","2♥","1NT","Pass",,, 3♥ is a common Invitational stretch."
"89","2","8","Partner opens 1♠. You hold ♠KQxx ♥Qxx ♦Kxx ♣xxx (10 HCP). What is your response?","3♠","2♠","1NT","Pass",,, a 3♠ Invitational raise is the best option."
"90","2","8","Partner opens 1♠. You hold ♠Kxx ♥Qxx ♦Kxx ♣Qxxx (10 HCP). What is your response? ","4♥","3♥","2♥","2NT",,
"91","2","9","Partner opens 1♠. You hold ♠Kxx ♥Qxx ♦Kxx ♣Qxxx (10 HCP). What is your response? ","1NT","2♠","Pass","2NT",,, respond 1NT."
"92","2","9","Partner opens 1♥. You hold ♠Kxx ♥Qxxx ♦Kxx ♣Qxx (10 HCP). What is your response?","2♥","1NT","Pass","2NT",,, raise to 2♥."
"93","2","9","Partner opens 1♠. You hold ♠Qxxx ♥Kxx ♦Qxx ♣Qxx (9 HCP). What is your response?","2♠","3♠","1NT","Pass",,, 9 HCP should be a 2\spadesuit raise. The original ""B"" (3♠) is incorrect for 9 HCP."
"94","2","9","Partner opens 1♥. You hold ♠Kxx ♥Qxx ♦KQxx ♣xxx (10 HCP). What is your response?","2♥","3♥","2NT","1NT",,, a 3♥ Invitational bid is common."
"95","2","9","Partner opens 1♠. You hold ♠KQxx ♥Qxx ♦Kxx ♣xxx (10 HCP). What is your response?","3♠","3♠","2♠","2NT",,
"96","2","10","After partner opens 1NT, what does a 2♦ response mean?","Pass","Natural diamond bid","Stayman",,,"Jacoby Transfer: 2♦ asks opener to bid 2♥, showing 5+ hearts."
"97","2","10","After partner opens 1NT, what does a 2♥ response mean?","Transfer to spades","Natural heart bid","Invite to 2NT",,,"Jacoby Transfer: 2♥ asks opener to bid 2♠, showing 5+ spades."
"98","2","10","Why does responder use Jacoby Transfer instead of bidding their major directly over 1NT?","Keeps opener declarer","Shows stronger hand","Denies major support","Invites slam",,, protecting high cards."
"99","2","10","Responder holds ♠KQJxx ♥xx ♦xx ♣xxxx and 6 HCP. Partner opens 1NT. What is the correct response? ","Pass","2♠","2NT","2♥",,, bid 2♥ to transfer, then pass opener’s 2♠."
"100","2","10","Responder holds ♠KQJxx ♥xx ♦Jxx ♣Kxx and 10 HCP. Partner opens 1NT. What is the correct response?","2♠","2♥ then 2NT","3♠","Pass",,, then invite game with 2NT showing 10 HCP and 5 spades."
"101","3","1","Opener starts 1♠, responder bids 1NT. With ♠KQJxx ♥Axx ♦Kxx ♣xx (13 HCP), what is opener’s rebid?","2♠","Pass",,,"A","With 13 HCP and 5 spades, rebid 2♠ to show minimum and suit length."
"102","3","1","Opener starts 1♥, responder bids 1NT. With ♠xx ♥KQJxx ♦Kxx ♣QKx (14 HCP), what is opener’s rebid? ","2♥","Pass",,,"A","With 5 hearts and minimum strength, rebid 2♥."
"103","3","1","Opener starts 1♠, responder bids 2♠. With ♠AQxxx ♥Kxx ♦xx ♣JKx (13 HCP), what is opener’s rebid?","Pass","3♠",,,"A","Partner raised to 2♠ showing 6-9 HCP, opener passes with minimum."
"104","3","1","Opener starts 1♠, responder bids 2♠. With ♠AKQxx ♥Kxx ♦Kxx ♣Kx (18 HCP), what is opener’s rebid? ","Pass","3♥",,,"B","With invitational values opposite 6-9, rebid 3♥ to invite game."
"105","3","1","Opener starts 1♠, responder bids 2♠. With ♠AKQxx ♥Kxx ♦Kxx ♣Kx (18 HCP), what is opener’s rebid? ","Pass","3♠",,,"C","With 17 HCP and 5-card support, jump to game in spades."
"106","3","2","Opener starts 1♥, responder bids 1NT. With ♠Kxx ♥KQJxx ♦Kxx ♣Kx (15 HCP), what is opener’s rebid? ","2♥","2NT",,,"B","With 18 HCP balanced, rebid 2NT to show invitational strength."
"107","3","2","Opener starts 1♠, responder bids 1NT. With ♠AQxxx ♥Kxx ♦Kxx ♣Kx (15 HCP), what is opener’s rebid? ","2♠","2NT",,,"B","With 19 HCP balanced, rebid 2NT."
"108","3","2","Opener starts 1♥, responder bids 2♥. With ♠Kxx ♥AQxxx ♦Kxx ♣Kx (15 HCP), what is opener’s rebid? ","Pass","3♥",,,"A","With minimum strength, pass partner’s 2♥ raise."
"109","3","2","Opener starts 1♠, responder bids 2♠. With ♠KQJxx ♥Kxx ♦Kxx ♣Kx (15 HCP), what is opener’s rebid? ","Pass","3♠",,,"B","With invitational strength, rebid 3♠."
"110","3","2","Opener starts 1♥, responder bids 2♥. With ♠Kxx ♥AKQxx ♦Kxx ♣Kx (18 HCP), what is opener’s rebid? ","Pass","3♥",,,"C","With game values and fit, bid 4♥."
"111","3","3","Opener starts 1♠, responder bids 1NT. With ♠AQxxx ♥Kxx ♦Kxx ♣Qx (14 HCP), what is opener’s rebid? ","2♠","Pass",,,"A","With minimum and 5-card suit, rebid 2♠."
"112","3","3","Opener starts 1♥, responder bids 1NT. With ♠Kxx ♥KQJxx ♦Kxx ♣Qx (14 HCP), what is opener’s rebid?","2♥","Pass",,,"A","With minimum and 5-card suit, rebid 2♥."
"113","3","3","Opener starts 1♠, responder bids 2♠. With ♠AQxxx ♥Kxx ♦Kxx ♣Qx (14 HCP), what is opener’s rebid? ","Pass","3♠",,,"A","With minimum strength, pass partner’s 2♠ raise."
"114","3","3","Opener starts 1♥, responder bids 2♥. With ♠Kxx ♥AQxxx ♦Kxx ♣Qx (14 HCP), what is opener’s rebid? ","Pass","3♥",,,"B","With invitational strength, rebid 3♥."
"115","3","3","Opener starts 1♠, responder bids 2♠. With ♠AKQxx ♥Kxx ♦Kxx ♣Qx (17 HCP), what is opener’s rebid? ","Pass","3♠",,,"C","With game values and fit, bid 4♠."
"116","3","4","Opener starts 1♥, responder bids 1NT. With ♠Kxx ♥KQJxx ♦Kxx ♣Qx (14 HCP), what is opener’s rebid? ","2♥","2NT",,,"B","With 18 HCP balanced, rebid 2NT."
"117","3","4","Opener starts 1♠, responder bids 1NT. With ♠AQxxx ♥Kxx ♦Kxx ♣Qx (14 HCP), what is opener’s rebid?","2♠","2NT",,,"B","With 19 HCP balanced, rebid 2NT."
"118","3","4","Opener starts 1♥, responder bids 2♥. With ♠Kxx ♥AQxxx ♦Kxx ♣Qx (14 HCP), what is opener’s rebid? ","Pass","3♥",,,"A","With minimum strength, pass partner’s 2♥ raise."
"119","3","4","Opener starts 1♠, responder bids 2♠. With ♠KQJxx ♥Kxx ♦Kxx ♣Qx (14 HCP), what is opener’s rebid?","Pass","3♠",,,"B","With invitational strength, rebid 3♠."
"120","3","4","Opener starts 1♥, responder bids 2♥. With ♠Kxx ♥AKQxx ♦Kxx ♣Qx (17 HCP), what is opener’s rebid? ","Pass","3♥",,,"C","With game values and fit, bid 4♥."
"121","3","5","Opener starts 1♠, responder bids 1NT. With ♠AQxxx ♥Kxx ♦Kxx ♣Kx (15 HCP), what is opener’s rebid? ","2♠","Pass",,,"A","With minimum and 5-card suit, rebid 2♠."
"122","3","5","Opener starts 1♥, responder bids 1NT. With ♠Kxx ♥KQJxx ♦Kxx ♣Kx (15 HCP), what is opener’s rebid?","2♥","Pass",,,"A","With minimum and 5-card suit, rebid 2♥."
"123","3","5","Opener starts 1♠, responder bids 2♠. With ♠AQxxx ♥Kxx ♦Kxx ♣Kx (15 HCP), what is opener’s rebid? ","Pass","3♠",,,"A","With minimum strength, pass partner’s 2♠ raise."
"124","3","5","Opener starts 1♥, responder bids 2♥. With ♠Kxx ♥AQxxx ♦Kxx ♣Kx (15 HCP), what is opener’s rebid?","Pass","3♥",,,"B","With invitational strength, rebid 3♥."
"125","3","5","Opener starts 1♠, responder bids 2♠. With ♠AKQxx ♥Kxx ♦Kxx ♣Kx (18 HCP), what is opener’s rebid? ","Pass","3♠",,,"C","With game values and fit, bid 4♠."
"126","3","6","Opener starts 1♥, responder bids 1NT. With ♠Kxx ♥KQJxx ♦Kxx ♣Kx (15 HCP), what is opener’s rebid?","2♥","2NT",,,"B","With 18 HCP balanced, rebid 2NT to show invitational strength."
"127","3","6","Opener starts 1♠, responder bids 1NT. With ♠AQxxx ♥Kxx ♦Kxx ♣Kx (15 HCP), what is opener’s rebid? ","2♠","2NT",,,"B","With 19 HCP balanced, rebid 2NT."
"128","3","6","Opener starts 1♥, responder bids 2♥. With ♠Kxx ♥AQxxx ♦Kxx ♣Kx (15 HCP), what is opener’s rebid?","Pass","3♥",,,"A","With minimum strength, pass partner’s 2♥ raise."
"129","3","6","Opener starts 1♠, responder bids 2♠. With ♠KQJxx ♥Kxx ♦Kxx ♣Kx (15 HCP), what is opener’s rebid? ","Pass","3♠",,,"B","With invitational strength, rebid 3♠."
"130","3","6","Opener starts 1♥, responder bids 2♥. With ♠Kxx ♥AKQxx ♦Kxx ♣Kx (18 HCP), what is opener’s rebid? ","Pass","3♥",,,"C","With game values and fit, bid 4♥."
"131","3","7","Opener starts 1♠, responder bids 1NT. With ♠AQxxx ♥Kxx ♦Kxx ♣Qx (14 HCP), what is opener’s rebid? ","2♠","Pass",,,"A","With minimum and 5-card suit, rebid 2♠."
"132","3","7","Opener starts 1♥, responder bids 1NT. With ♠Kxx ♥KQJxx ♦Kxx ♣Qx (14 HCP), what is opener’s rebid? ","2♥","Pass",,,"A","With minimum and 5-card suit, rebid 2♥."
"133","3","7","Opener starts 1♠, responder bids 2♠. With ♠AQxxx ♥Kxx ♦Kxx ♣Qx (14 HCP), what is opener’s rebid? ","Pass","3♠",,,"A","With minimum strength, pass partner’s 2♠ raise."
"134","3","7","Opener starts 1♥, responder bids 2♥. With ♠Kxx ♥AQxxx ♦Kxx ♣Qx (14 HCP), what is opener’s rebid? ","Pass","3♥",,,"B","With invitational strength, rebid 3♥."
"135","3","7","Opener starts 1♠, responder bids 2♠. With ♠AKQxx ♥Kxx ♦Kxx ♣Qx (17 HCP), what is opener’s rebid? ","Pass","3♠",,,"C","With game values and fit, bid 4♠."
"136","3","8","Opener starts 1♥, responder bids 1NT. With ♠Kxx ♥KQJxx ♦Kxx ♣Qx (14 HCP), what is opener’s rebid?","2♥","2NT",,,"B","With 18 HCP balanced, rebid 2NT."
"137","3","8","Opener starts 1♠, responder bids 1NT. With ♠AQxxx ♥Kxx ♦Kxx ♣Qx (14 HCP), what is opener’s rebid? ","2♠","2NT",,,"B","With 19 HCP balanced, rebid 2NT."
"138","3","8","Opener starts 1♥, responder bids 2♥. With ♠Kxx ♥AQxxx ♦Kxx ♣Qx (14 HCP), what is opener’s rebid? ","Pass","3♥",,,"A","With minimum strength, pass partner’s 2♥ raise."
"139","3","8","Opener starts 1♥, responder bids 2♥. With ♠Kxx ♥AKQxx ♦Kxx ♣Qx (17 HCP), what is opener’s rebid?","Pass","3♠",,,"B","With invitational strength, rebid 3♠."
"140","3","8","Opener starts 1♥, responder bids 2♥. With ♠Kxx ♥AKQxx ♦Kxx ♣Qx (17 HCP), what is opener’s rebid?","Pass","3♥",,,"C","With game values and fit, bid 4♥."
"141","3","9","Opener starts 1♠, responder bids 1NT. With ♠AQxxx ♥Kxx ♦Kxx ♣Kx (15 HCP), what is opener’s rebid? ","2♠","Pass",,,"A","With minimum and 5-card suit, rebid 2♠."
"142","3","9","Opener starts 1♥, responder bids 1NT. With ♠Kxx ♥KQJxx ♦Kxx ♣Kx (15 HCP), what is opener’s rebid?","2♥","Pass",,,"A","With minimum and 5-card suit, rebid 2♥."
"143","3","9","Opener starts 1♠, responder bids 2♠. With ♠AQxxx ♥Kxx ♦Kxx ♣Kx (15 HCP), what is opener’s rebid? ","Pass","3♠",,,"A","With minimum strength, pass partner’s 2♠ raise."
"144","3","9","Opener starts 1♥, responder bids 2♥. With ♠Kxx ♥AQxxx ♦Kxx ♣Kx (15 HCP), what is opener’s rebid?","Pass","3♥",,,"B","With invitational strength, rebid 3♥."
"145","3","9","Opener starts 1♠, responder bids 2♠. With ♠AKQxx ♥Kxx ♦Kxx ♣Kx (18 HCP), what is opener’s rebid?","Pass","3♠",,,"C","With game values and fit, bid 4♠."
"146","3","10","Opener starts 1♥, responder bids 1NT. With ♠Kxx ♥KQJxx ♦Kxx ♣Kx (15 HCP), what is opener’s rebid?","2♥","2NT",,,"B","With 18 HCP balanced, rebid 2NT."
"147","3","10","Opener starts 1♠, responder bids 1NT. With ♠AQxxx ♥Kxx ♦Kxx ♣Kx (15 HCP), what is opener’s rebid?","2♠","2NT",,,"B","With 19 HCP balanced, rebid 2NT."
"148","3","10","Opener starts 1♥, responder bids 2♥. With ♠Kxx ♥AQxxx ♦Kxx ♣Kx (15 HCP), what is opener’s rebid?","Pass","3♥",,,"A","With minimum strength, pass partner’s 2♥ raise."
"149","3","10","Opener starts 1♠, responder bids 2♠. With ♠KQJxx ♥Kxx ♦Kxx ♣Kx (15 HCP), what is opener’s rebid?","Pass","3♠",,,"B","With invitational strength, rebid 3♠."
"150","3","10","Opener starts 1♥, responder bids 2♥. With ♠Kxx ♥AKQxx ♦Kxx ♣Kx (18 HCP), what is opener’s rebid?","Pass","3♥",,,"C","With game values and fit, bid 4♥."
"151","4","1","Opener bids 1♠, responder 1NT, opener rebids 2♠. With ♠Kxx ♥Qxx ♦Kxx ♣Qxxx (10 HCP), what is responder’s rebid? ","Pass",,,"4♠","A","With 6-9 HCP and fit, pass opener’s minimum rebid."
"152","4","1","Opener bids 1♥, responder 1NT, opener rebids 2♥. With ♠Kxx ♥Qxxx ♦Kxx ♣Jxx (9 HCP), what is responder’s rebid?","Pass",,,"4♥","A","With 6-9 HCP and fit, pass opener’s minimum rebid."
"153","4","1","Opener bids 1♠, responder 2♠, opener rebids 3♠. With ♠Qxxx ♥Kxx ♦Qxx ♣JKx (11 HCP), what is responder’s rebid?","Pass",,,"2NT","B","With invitational values opposite invitational, bid game in spades."
"154","4","1","Opener bids 1♥, responder 2♥, opener rebids 3♥. With ♠Kxx ♥Qxx ♦KQxx ♣Qxx (12 HCP), what is responder’s rebid?","Pass",,,"2NT","B","With invitational strength opposite invitational, bid game in hearts."
"155","4","1","Opener bids 1♠, responder 2♠, opener rebids 4♠. With ♠KQxx ♥Qxx ♦Kxx ♣JQx (13 HCP), what is responder’s rebid?","Pass",,,"Double","A","Partner has bid game; with balanced invitational values, simply pass."
"156","4","2","Opener bids 1♥, responder 1NT, opener rebids 2NT. With ♠Kxx ♥Qxx ♦Kxx ♣Qxxx (10 HCP), what is responder’s rebid? ","Pass",,,"2♠","A","With 8 HCP opposite 18-19, pass is correct."
"157","4","2","Opener bids 1♠, responder 1NT, opener rebids 2NT. With ♠Qxx ♥Kxx ♦Kxx ♣Qxxx (10 HCP), what is responder’s rebid? ","Pass",,,"2♥","B","With 9 HCP opposite 18-19, invite game with 3NT."
"158","4","2","Opener bids 1♥, responder 2♥, opener rebids 3♥. With ♠Kxx ♥Qxxx ♦Kxx ♣JQx (11 HCP), what is responder’s rebid?","Pass",,,"2NT","B","With invitational values opposite invitational, bid game in hearts."
"159","4","2","Opener bids 1♠, responder 2♠, opener rebids 3♠. With ♠KQxx ♥Qxx ♦Kxx ♣Qxx (12 HCP), what is responder’s rebid?","Pass",,,"2NT","B","With invitational values opposite invitational, bid game in spades."
"160","4","2","Opener bids 1♥, responder 2♥, opener rebids 4♥. With ♠Kxx ♥Qxx ♦KQxx ♣JQx (13 HCP), what is responder’s rebid?","Pass",,,"Double","A","Partner has bid game; pass with balanced invitational values."
"161","4","3","Opener bids 1♠, responder 1NT, opener rebids 2♠. With ♠Kxx ♥Qxx ♦xxx ♣Qxxx (7 HCP), what is responder’s rebid?","Pass",,,"4♠","A","With 6-9 HCP and fit, pass opener’s minimum rebid."
"162","4","3","Opener bids 1♥, responder 1NT, opener rebids 2♥. With ♠Kxx ♥Qxxx ♦Kxx ♣QJx (11 HCP), what is responder’s rebid?","Pass",,,"4♥","A","With 6-9 HCP and fit, pass opener’s minimum rebid."
"163","4","3","Opener bids 1♠, responder 2♠, opener rebids 3♠. With ♠Qxxx ♥Kxx ♦Qxx ♣KJx (11 HCP), what is responder’s rebid?","Pass",,,"2NT","B","With invitational values opposite invitational, bid game in spades."
"164","4","3","Opener bids 1♥, responder 2♥, opener rebids 3♥. With ♠Kxx ♥Qxx ♦KQJx ♣Jxx (12 HCP), what is responder’s rebid?","Pass",,,"2NT","B","With invitational strength opposite invitational, bid game in hearts."
"165","4","3","Opener bids 1♠, responder 2♠, opener rebids 4♠. With ♠KQxx ♥Qxx ♦Kxx ♣QJx (13 HCP), what is responder’s rebid?","Pass",,,"Double","A","Partner has bid game; pass with balanced invitational values."
"166","4","4","Opener bids 1♥, responder 1NT, opener rebids 2NT. With ♠Kxx ♥Qxx ♦Kxx ♣Jxxx (9 HCP), what is responder’s rebid? ","Pass",,,"2♠","A","With 8 HCP opposite 18-19, pass is correct."
"167","4","4","Opener bids 1♠, responder 1NT, opener rebids 2NT. With ♠Qxx ♥Kxx ♦Kxx ♣Jxxx (9 HCP), what is responder’s rebid?","Pass",,,"2♥","B","With 9 HCP opposite 18-19, invite game with 3NT."
"168","4","4","Opener bids 1♥, responder 2♥, opener rebids 3♥. With ♠Kxx ♥Qxxx ♦Kxx ♣QJx (11 HCP), what is responder’s rebid?","Pass",,,"2NT","B","With invitational values opposite invitational, bid game in hearts."
"169","4","4","Opener bids 1♠, responder 2♠, opener rebids 3♠. With ♠KQxx ♥Qxx ♦KJx ♣Jxx (12 HCP), what is responder’s rebid?","Pass",,,"2NT","B","With invitational values opposite invitational, bid game in spades."
"170","4","4","Opener bids 1♥, responder 2♥, opener rebids 4♥. With ♠Kxx ♥Qxx ♦KQxx ♣QJx (13 HCP), what is responder’s rebid?","Pass",,,"Double","A","Partner has bid game; pass with balanced invitational values."
"171","4","5","Opener bids 1♠, responder 1NT, opener rebids 2♠. With ♠Kxx ♥Qxx ♦Kxx ♣Kxxx (11 HCP), what is responder’s rebid? ","Pass",,,"4♠","A","With 6-9 HCP and fit, pass opener’s minimum rebid."
"172","4","5","Opener bids 1♥, responder 1NT, opener rebids 2♥. With ♠Kxx ♥xxxx ♦Kxx ♣Kxx (9 HCP), what is responder’s rebid?","Pass",,,"4♥","A","With 6-9 HCP and fit, pass opener’s minimum rebid."
"173","4","5","Opener bids 1♠, responder 2♠, opener rebids 3♠. With ♠Qxxx ♥Kxx ♦Qxx ♣JKx (11 HCP), what is responder’s rebid?","Pass",,,"2NT","B","With invitational values opposite invitational, bid game in spades."
"174","4","5","Opener bids 1♥, responder 2♥, opener rebids 3♥. With ♠Kxx ♥Qxx ♦KQxx ♣Qxx (12 HCP), what is responder’s rebid?","Pass",,,"2NT","B","With invitational strength opposite invitational, bid game in hearts."
"175","4","5","Opener bids 1♠, responder 2♠, opener rebids 4♠. With ♠KQxx ♥Qxx ♦Kxx ♣Kxx (13 HCP), what is responder’s rebid?","Pass",,,"Double","A","Partner has bid game; pass with balanced invitational values."
"176","4","6","Opener bids 1♥, responder 1NT, opener rebids 2NT. With ♠Kxx ♥Qxx ♦Kxx ♣Kxxx (11 HCP), what is responder’s rebid? ","Pass",,,"2♠","A","With 8 HCP opposite 18-19, pass is correct."
"177","4","6","Opener bids 1♠, responder 1NT, opener rebids 2NT. With ♠Qxx ♥Kxx ♦Kxx ♣Kxxx (11 HCP), what is responder’s rebid? ","Pass",,,"2♥","B","With 9 HCP opposite 18-19, invite game with 3NT."
"178","4","6","Opener bids 1♥, responder 2♥, opener rebids 3♥. With ♠Kxx ♥Qxxx ♦Kxx ♣Kxx (11 HCP), what is responder’s rebid?","Pass",,,"2NT","B","With invitational values opposite invitational, bid game in hearts."
"179","4","6","Opener bids 1♠, responder 2♠, opener rebids 3♠. With ♠KQxx ♥Qxx ♦Kxx ♣Qxx (12 HCP), what is responder’s rebid?","Pass",,,"2NT","B","With invitational values opposite invitational, bid game in spades."
"180","4","6","Opener bids 1♥, responder 2♥, opener rebids 4♥. With ♠Kxx ♥Qxx ♦KQxx ♣Kxx (13 HCP), what is responder’s rebid?","Pass",,,"Double","A","Partner has bid game; pass with balanced invitational values."
"181","4","7","Opener bids 1♠, responder 1NT, opener rebids 2♠. With ♠Kxx ♥Qxx ♦Kxx ♣Qxxx (10 HCP), what is responder’s rebid? ","Pass",,,"4♠","A","With 6-9 HCP and fit, pass opener’s minimum rebid."
"182","4","7","Opener bids 1♥, responder 1NT, opener rebids 2♥. With ♠Kxx ♥Qxxx ♦Kxx ♣Jxx (9 HCP), what is responder’s rebid?","Pass",,,"4♥","A","With 6-9 HCP and fit, pass opener’s minimum rebid."
"183","4","7","Opener bids 1♠, responder 2♠, opener rebids 3♠. With ♠Qxxx ♥KQx ♦Qxx ♣Qxx (11 HCP), what is responder’s rebid?","Pass",,,"2NT","B","With invitational values opposite invitational, bid game in spades."
"184","4","7","Opener bids 1♥, responder 2♥, opener rebids 3♥. With ♠Kxx ♥Qxx ♦KQxx ♣Qxx (12 HCP), what is responder’s rebid?","Pass",,,"2NT","B","With invitational strength opposite invitational, bid game in hearts."
"185","4","7","Opener bids 1♠, responder 2♠, opener rebids 4♠. With ♠KQxx ♥Qxx ♦Kxx ♣JQx (13 HCP), what is responder’s rebid?","Pass",,,"Double","A","Partner has bid game; pass with balanced invitational values."
"186","4","8","Opener bids 1♥, responder 1NT, opener rebids 2NT. With ♠Kxx ♥Qxx ♦Kxx ♣Qxxx (10 HCP), what is responder’s rebid? ","Pass",,,"2♠","A","With 8 HCP opposite 18-19, pass is correct."
"187","4","8","Opener bids 1♠, responder 1NT, opener rebids 2NT. With ♠Qxx ♥Kxx ♦Kxx ♣Qxxx (10 HCP), what is responder’s rebid? ","Pass",,,"2♥","B","With 9 HCP opposite 18-19, invite game with 3NT."
"188","4","8","Opener bids 1♥, responder 2♥, opener rebids 3♥. With ♠Kxx ♥Qxxx ♦Kxx ♣JQx (11 HCP), what is responder’s rebid?","Pass",,,"2NT","B","With invitational values opposite invitational, bid game in hearts."
"189","4","8","Opener bids 1♠, responder 2♠, opener rebids 3♠. With ♠KQxx ♥Qxx ♦Kxx ♣Qxx (12 HCP), what is responder’s rebid?","Pass",,,"2NT","B","With invitational values opposite invitational, bid game in spades."
"190","4","8","Opener bids 1♥, responder 2♥, opener rebids 4♥. With ♠Kxx ♥Qxx ♦KQxx ♣JQx (13 HCP), what is responder’s rebid?","Pass",,,"Double","A","Partner has bid game; pass with balanced invitational values."
"191","4","9","Opener bids 1♠, responder 1NT, opener rebids 2♠. With ♠Kxx ♥Qxx ♦Kxx ♣Jxxx (9 HCP), what is responder’s rebid?","Pass",,,"4♠","A","With 6-9 HCP and fit, pass opener’s minimum rebid."
"192","4","9","Opener bids 1♥, responder 1NT, opener rebids 2♥. With ♠Kxx ♥Qxxx ♦Kxx ♣Jxx (9 HCP), what is responder’s rebid?","Pass",,,"4♥","A","With 6-9 HCP and fit, pass opener’s minimum rebid."
"193","4","9","Opener bids 1♠, responder 2♠, opener rebids 3♠. With ♠Qxxx ♥Kxx ♦Qxx ♣KJx (11 HCP), what is responder’s rebid?","Pass",,,"2NT","B","With invitational values opposite invitational, bid game in spades."
"194","4","9","Opener bids 1♥, responder 2♥, opener rebids 3♥. With ♠Kxx ♥QJx ♦KQxx ♣Jxx (12 HCP), what is responder’s rebid?","Pass",,,"2NT","B","With invitational strength opposite invitational, bid game in hearts."
"195","4","9","Opener bids 1♠, responder 2♠, opener rebids 4♠. With ♠KQxx ♥Qxx ♦Kxx ♣QJx (13 HCP), what is responder’s rebid?","Pass",,,"Double","A","Partner has bid game; pass with balanced invitational values."
"196","4","10","Opener bids 1♥, responder 1NT, opener rebids 2NT. With ♠Kxx ♥Qxx ♦Kxx ♣Jxxx (9 HCP), what is responder’s rebid? ","Pass",,,"2♠","A","With 8 HCP opposite 18-19, pass is correct."
"197","4","10","Opener bids 1♠, responder 1NT, opener rebids 2NT. With ♠Qxx ♥Kxx ♦Kxx ♣Jxxx (9 HCP), what is responder’s rebid? ","Pass",,,"2♥","B","With 9 HCP opposite 18-19, invite game with 3NT."
"198","4","10","Opener bids 1♥, responder 2♥, opener rebids 3♥. With ♠Kxx ♥QJx ♦KQxx ♣Jxx (12 HCP), what is responder’s rebid?","Pass",,,"2NT","B","With invitational strength opposite invitational, bid game in hearts."
"199","4","10","Opener bids 1♠, responder 2♠, opener rebids 3♠. With ♠KQxx ♥QJx ♦Kxx ♣Jxx (12 HCP), what is responder’s rebid?","Pass",,,"2NT","B","With invitational values opposite invitational, bid game in spades."
"200","4","10","Opener bids 1♥, responder 2♥, opener rebids 4♥. With ♠Kxx ♥Qxx ♦KQxx ♣QJx (13 HCP), what is responder’s rebid?","Pass",,,"Double","A","Partner has bid game; pass with balanced invitational values."
"201","5","1","Opponent opens 1♠. You hold ♠xx ♥KQJxx ♦Kxx ♣JKx (13 HCP). What is your call?","2♥","Double","Pass","1NT",,, overcall 2♥."
"202","5","1","Opponent opens 1♥. You hold ♠KQJxx ♥xx ♦Kxx ♣Kxx (12 HCP). What is your call?","2♠","Double","Pass","1NT",,, overcall 2♠."
"203","5","1","Opponent opens 1♦. You hold ♠Kxx ♥Kxx ♦Kxx ♣KQJx (15 HCP). What is your call?","1NT","Double","Pass","2♣",,, overcall 1NT."
"204","5","1","Opponent opens 1♣. You hold ♠KQxx ♥Kxx ♦Kxx ♣xxx (11 HCP). What is your call?","Double","Pass","1NT","2♣",,, make a takeout double."
"205","5","1","Opponent opens 1♠. You hold ♠xx ♥Kxx ♦KQJxx ♣Kxx (12 HCP). What is your call?","2♦","Double","Pass","1NT",,, overcall 2♦."
"206","5","2","Opponent opens 1♥. You hold ♠Kxx ♥xx ♦KQJxx ♣JKx (13 HCP). What is your call?","2♦","Double","Pass","1NT",,, overcall 2♦."
"207","5","2","Opponent opens 1♠. You hold ♠Kxx ♥KQJxx ♦Kxx ♣Kx (15 HCP). What is your call? ","2♥","Double","Pass","1NT",,, overcall 2♥."
"208","5","2","Opponent opens 1♣. You hold ♠KQJxx ♥Kxx ♦Kxx ♣Kx (15 HCP). What is your call?","2♠","Double","Pass","1NT",,, overcall 2♠."
"209","5","2","Opponent opens 1♦. You hold ♠Kxx ♥Kxx ♦Kxx ♣KQJx (15 HCP). What is your call?","1NT","Double","Pass","2♣",,, overcall 1NT."
"210","5","2","Opponent opens 1♠. You hold ♠xx ♥Kxx ♦Kxx ♣KQxxx (11 HCP). What is your call?","Double","Pass","1NT","2♣",,, make a takeout double."
"211","5","3","Opponent opens 1♥. You hold ♠Kxx ♥xx ♦KQJxx ♣Kxx (12 HCP). What is your call?","2♦","Double","Pass","1NT",,, overcall 2♦."
"212","5","3","Opponent opens 1♠. You hold ♠Kxx ♥KQJxx ♦Kxx ♣Kx (15 HCP). What is your call?","2♥","Double","Pass","1NT",,, overcall 2♥."
"213","5","3","Opponent opens 1♣. You hold ♠KQJxx ♥Kxx ♦Kxx ♣Kx (15 HCP). What is your call?","2♠","Double","Pass","1NT",,, overcall 2♠."
"214","5","3","Opponent opens 1♦. You hold ♠Kxx ♥Kxx ♦Kxx ♣KQJx (15 HCP). What is your call?","1NT","Double","Pass","2♣",,, overcall 1NT."
"215","5","3","Opponent opens 1♠. You hold ♠xx ♥Kxx ♦Kxx ♣KQxxx (11 HCP). What is your call?","Double","Pass","1NT","2♣",,, make a takeout double."
"216","5","4","Opponent opens 2♠ (weak). You hold ♠xx ♥KQJxx ♦Kxx ♣QKx (14 HCP). What is your call?","Double","Pass","3♥","2NT",,, bid 3♥."
"217","5","4","Opponent opens 2♥ (weak). You hold ♠KQJxx ♥xx ♦Kxx ♣JKx (13 HCP). What is your call?","Double","Pass","3♠","2NT",,, bid 3♠."
"218","5","4","Opponent opens 3♣ (preempt). You hold ♠Kxx ♥Kxx ♦KQJxx ♣Kx (15 HCP). What is your call?","Double","Pass","3NT","4♣",,, bid 3NT."
"219","5","4","Opponent opens 3♦ (preempt). You hold ♠KQxx ♥Kxx ♦Kxx ♣KQx (16 HCP). What is your call?","Double","Pass","3NT","4♦",,, bid 3NT."
"220","5","4","Opponent opens 3♠ (preempt). You hold ♠xx ♥KQJxx ♦Kxx ♣QKx (14 HCP). What is your call?","Double","Pass","4♥","3NT",,, bid 4♥."
"221","5","5","Opponent opens 1♠. You hold ♠xx ♥Kxx ♦KQJxx ♣Kxx (12 HCP). What is your call?","2♦","Double","Pass","1NT",,, overcall 2♦."
"222","5","5","Opponent opens 1♥. You hold ♠Kxx ♥xx ♦KQJxx ♣JKx (13 HCP). What is your call?","2♦","Double","Pass","1NT",,, overcall 2♦."
"223","5","5","Opponent opens 1♣. You hold ♠KQJxx ♥Kxx ♦Kxx ♣Kx (15 HCP). What is your call?","2♠","Double","Pass","1NT",,, overcall 2♠."
"224","5","5","Opponent opens 1♦. You hold ♠Kxx ♥Kxx ♦Kxx ♣KQJx (15 HCP). What is your call?","1NT","Double","Pass","2♣",,, overcall 1NT."
"225","5","5","Opponent opens 1♠. You hold ♠xx ♥Kxx ♦Kxx ♣KQxxx (11 HCP). What is your call?","Double","Pass","1NT","2♣",,, make a takeout double."
"226","5","6","Opponent opens 2♠ (weak). You hold ♠xx ♥KQJxx ♦Kxx ♣QKx (14 HCP). What is your call?","Double","Pass","3♥","2NT",,, bid 3♥."
"227","5","6","Opponent opens 2♥ (weak). You hold ♠KQJxx ♥xx ♦Kxx ♣JKx (13 HCP). What is your call? ","Double","Pass","3♠","2NT",,, bid 3♠."
"228","5","6","Opponent opens 2♠ (weak). You hold ♠xx ♥KQJxx ♦Kxx ♣QKx (14 HCP). What is your call?","Double","Pass","3NT","4♣",,, bid 3NT."
"229","5","6","Opponent opens 3♦ (preempt). You hold ♠KQxx ♥Kxx ♦Kxx ♣KQx (16 HCP). What is your call?","Double","Pass","3NT","4♦",,, bid 3NT."
"230","5","6","Opponent opens 3♠ (preempt). You hold ♠xx ♥KQJxx ♦Kxx ♣QKx (14 HCP). What is your call?","Double","Pass","4♥","3NT",,, bid 4♥."
"231","5","7","Opponent opens 1♠. You hold ♠xx ♥Kxx ♦KQJxx ♣Kxx (12 HCP). What is your call?","2♦","Double","Pass","1NT",,, overcall 2♦."
"232","5","7","Opponent opens 1♥. You hold ♠Kxx ♥xx ♦KQJxx ♣JKx (13 HCP). What is your call?","2♦","Double","Pass","1NT",,, overcall 2♦."
"233","5","7","Opponent opens 1♣. You hold ♠KQJxx ♥Kxx ♦Kxx ♣Kx (15 HCP). What is your call? ","2♠","Double","Pass","1NT",,, overcall 2♠."
"234","5","7","Opponent opens 1♦. You hold ♠Kxx ♥Kxx ♦Kxx ♣KQJx (15 HCP). What is your call? ","1NT","Double","Pass","2♣",,, overcall 1NT."
"235","5","7","Opponent opens 1♠. You hold ♠xx ♥Kxx ♦Kxx ♣KQxxx (11 HCP). What is your call?","Double","Pass","1NT","2♣",,, make a takeout double."
"236","5","8","Opponent opens 2♠ (weak). You hold ♠xx ♥KQJxx ♦Kxx ♣QKx (14 HCP). What is your call?","Double","Pass","3♥","2NT",,, bid 3♥."
"237","5","8","Opponent opens 2♥ (weak). You hold ♠KQJxx ♥xx ♦Kxx ♣JKx (13 HCP). What is your call?","Double","Pass","3♠","2NT",,, bid 3♠."
"238","5","8","Opponent opens 3♣ (preempt). You hold ♠Kxx ♥Kxx ♦KQJxx ♣Kx (15 HCP). What is your call? ","Double","Pass","3NT","4♣",,, bid 3NT."
"239","5","8","Opponent opens 3♦ (preempt). You hold ♠KQxx ♥Kxx ♦Kxx ♣KQx (16 HCP). What is your call?","Double","Pass","3NT","4♦",,, bid 3NT."
"240","5","8","Opponent opens 3♠ (preempt). You hold ♠xx ♥KQJxx ♦Kxx ♣QKx (14 HCP). What is your call?","Double","Pass","4♥","3NT",,, bid 4♥."
"241","5","9","Opponent opens 1♠. You hold ♠xx ♥Kxx ♦KQJxx ♣Kxx (12 HCP). What is your call?","2♦","Double","Pass","1NT",,, overcall 2♦."
"242","5","9","Opponent opens 1♥. You hold ♠Kxx ♥xx ♦KQJxx ♣JKx (13 HCP). What is your call?","2♦","Double","Pass","1NT",,, overcall 2♦."
"243","5","9","Opponent opens 1♣. You hold ♠KQJxx ♥Kxx ♦Kxx ♣Kx (15 HCP). What is your call?","2♠","Double","Pass","1NT",,, overcall 2♠."
"244","5","9","Opponent opens 1♦. You hold ♠Kxx ♥Kxx ♦Kxx ♣KQJx (15 HCP). What is your call?","1NT","Double","Pass","2♣",,, overcall 1NT."
"245","5","9","Opponent opens 1♠. You hold ♠xx ♥Kxx ♦Kxx ♣KQxxx (11 HCP). What is your call?","Double","Pass","1NT","2♣",,, make a takeout double."
"246","5","10","Opponent opens 2♠ (weak). You hold ♠xx ♥KQJxx ♦Kxx ♣QKx (14 HCP). What is your call?","Double","Pass","3♥","2NT",,, bid 3♥."
"247","5","10","Opponent opens 2♥ (weak). You hold ♠KQJxx ♥xx ♦Kxx ♣JKx (13 HCP). What is your call?","Double","Pass","3♠","2NT",,, bid 3♠."
"248","5","10","Opponent opens 3♣ (preempt). You hold ♠Kxx ♥Kxx ♦KQJxx ♣Kx (15 HCP). What is your call?","3NT","Pass","Double","4♣",,, bid 3NT."
"249","5","10","Opponent opens 3♦ (preempt). You hold ♠KQxx ♥Kxx ♦Kxx ♣KQx (16 HCP). What is your call?","Double","Pass","3NT","4♦",,, bid 3NT."
"250","5","10","Opponent opens 3♠ (preempt). You hold ♠xx ♥KQJxx ♦Kxx ♣QKx (14 HCP). What is your call?","Double","Pass","4♥","3NT",,, bid 4♥."
"251","6","1","Partner opens 1♠, you hold ♠KQxx ♥Kxx ♦Kxx ♣Qxx (13 HCP). What convention can you use to show support and game-forcing values?","Jacoby 2NT","Blackwood","Cue-bid",,,"Jacoby 2NT shows 4-card support and game-forcing strength."
"252","6","1","Partner opens 1♥, you hold ♠Kxx ♥KQxx ♦Kxx ♣Kxx (14 HCP). What is your response to explore slam?","Jacoby 2NT","Blackwood","Cue-bid",,,"Jacoby 2NT shows 4-card support and game-forcing strength."
"253","6","1","Partner opens 1♠, you hold ♠KQxx ♥Kxx ♦Kxx ♣KQx (16 HCP). How do you ask for aces? ","Jacoby 2NT","Blackwood","Cue-bid",,,"Blackwood (4NT) asks for aces."
"254","6","1","Partner opens 1♥, you hold ♠Kxx ♥KQxx ♦Kxx ♣KQx (16 HCP). How do you ask for aces?","Jacoby 2NT","Blackwood","Cue-bid",,,"Blackwood (4NT) asks for aces."
"255","6","1","Partner opens 1♠, you hold ♠KQxx ♥Kxx ♦Kxx ♣Qxx (13 HCP). How do you show a singleton?","Jacoby 2NT","Blackwood","Cue-bid",,,"Splinter shows support and a singleton/void."
"256","6","2","Partner opens 1♥, you hold ♠Kxx ♥KQxx ♦Kxx ♣Kxx (14 HCP). How do you show a singleton?","Jacoby 2NT","Blackwood","Cue-bid",,,"Splinter shows support and a singleton/void."
"257","6","2","Partner opens 1♠, you hold ♠KQxx ♥Kxx ♦Kxx ♣KQx (16 HCP). How do you cue-bid?","Jacoby 2NT","Blackwood","Cue-bid",,,"Cue-bid shows first-round control in a side suit."
"258","6","2","Partner opens 1♥, you hold ♠Kxx ♥KQxx ♦Kxx ♣KQx (16 HCP). How do you cue-bid?","Jacoby 2NT","Blackwood","Cue-bid",,,"Cue-bid shows first-round control in a side suit."
"259","6","2","Partner opens 1♠, you hold ♠KQxx ♥Kxx ♦Kxx ♣Qxx (13 HCP). How do you explore slam with fit and 13+ HCP?","Jacoby 2NT","Blackwood","Cue-bid",,,"Jacoby 2NT initiates slam exploration with fit."
"260","6","2","Partner opens 1♥, you hold ♠Kxx ♥KQxx ♦Kxx ♣Kxx (14 HCP). How do you explore slam with fit and 13+ HCP?","Jacoby 2NT","Blackwood","Cue-bid",,,"Jacoby 2NT initiates slam exploration with fit."
"261","6","3","After Jacoby 2NT, opener rebids 3♣. What does this show?","Balanced hand","Singleton/void","Extra strength",,,"Opener’s rebid of a new suit shows a singleton/void."
"262","6","3","After Jacoby 2NT, opener rebids 3♦. What does this show?","Balanced hand","Singleton/void","Extra strength",,,"Opener’s rebid of a new suit shows a singleton/void."
"263","6","3","After Jacoby 2NT, opener rebids 3♥. What does this show?","Balanced hand","Singleton/void","Extra strength",,,"Opener’s rebid of 3♥ shows extra strength."
"264","6","3","After Jacoby 2NT, opener rebids 3♠. What does this show?","Balanced hand","Singleton/void","Extra strength",,,"Opener’s rebid of 3♠ shows extra strength."
"265","6","3","After Jacoby 2NT, opener rebids 4♠. What does this show?","Balanced hand","Singleton/void","Extra strength",,,"Jump to game shows a minimum hand."
"266","6","4","After Blackwood 4NT, partner responds 5♣. How many aces does this show?","0 or 4","1","2",,,"5♣ shows 1 ace."
"267","6","4","After Blackwood 4NT, partner responds 5♦. How many aces does this show?","0 or 4","1","2",,,"5♦ shows 2 aces."
"268","6","4","After Blackwood 4NT, partner responds 5♥. How many aces does this show?","0 or 4","1","2",,,"5♥ shows 3 aces."
"269","6","4","After Blackwood 4NT, partner responds 5♠. How many aces does this show?","0 or 4","1","2",,,"5♠ shows 0 or 4 aces."
"270","6","4","After Blackwood, how do you ask for kings?","5NT","6NT","Cue-bid",,,"5NT asks for kings after aces are known."
"271","6","5","After cue-bidding, partner shows control in clubs. What does this mean?","Ace or void","King","Queen",,,"Cue-bid shows first-round control (ace or void)."
"272","6","5","After cue-bidding, partner shows control in diamonds. What does this mean?","Ace or void","King","Queen",,,"Cue-bid shows first-round control (ace or void)."
"273","6","5","After cue-bidding, partner skips a suit. What does this mean?","No control","Extra strength","Balanced hand",,,"Skipping a suit shows no control in that suit."
"274","6","5","After cue-bidding, partner bids 4NT. What does this mean?","Ace ask","King ask","Control ask",,,"4NT is Blackwood, asking for aces."
"275","6","5","After cue-bidding, partner bids 5NT. What does this mean?","Ace ask","King ask","Control ask",,,"5NT asks for kings."
"276","6","6","Partner opens 1♠, you hold ♠KQxx ♥Kxx ♦Kxx ♣Qxx (13 HCP). How do you explore slam?","Jacoby 2NT","Blackwood","Cue-bid",,,"Jacoby 2NT shows support and game-forcing strength."
"277","6","6","Partner opens 1♥, you hold ♠Kxx ♥KQxx ♦Kxx ♣Kxx (14 HCP). How do you explore slam?","Jacoby 2NT","Blackwood","Cue-bid",,,"Jacoby 2NT shows support and game-forcing strength."
"278","6","6","Partner opens 1♠, you hold ♠KQxx ♥Kxx ♦Kxx ♣KQx (16 HCP). How do you ask for aces?","Jacoby 2NT","Blackwood","Cue-bid",,,"Blackwood (4NT) asks for aces."
"279","6","6","Partner opens 1♥, you hold ♠Kxx ♥KQxx ♦Kxx ♣KQx (16 HCP). How do you ask for aces?","Jacoby 2NT","Blackwood","Cue-bid",,,"Blackwood (4NT) asks for aces."
"280","6","6","Partner opens 1♠, you hold ♠KQxx ♥Kxx ♦Kxx ♣Qxx (13 HCP). How do you show a singleton?","Jacoby 2NT","Blackwood","Cue-bid",,,"Splinter shows support and a singleton/void."
"281","6","7","After Jacoby 2NT, opener rebids 3♣. What does this show?","Balanced hand","Singleton/void","Extra strength",,,"Opener’s rebid of a new suit shows a singleton/void."
"282","6","7","After Jacoby 2NT, opener rebids 3♦. What does this show?","Balanced hand","Singleton/void","Extra strength",,,"Opener’s rebid of a new suit shows a singleton/void."
"283","6","7","After Jacoby 2NT, opener rebids 3♥. What does this show?","Balanced hand","Singleton/void","Extra strength",,,"Opener’s rebid of 3♥ shows extra strength."
"284","6","7","After Jacoby 2NT, opener rebids 3♠. What does this show?","Balanced hand","Singleton/void","Extra strength",,,"Opener’s rebid of 3♠ shows extra strength."
"285","6","7","After Jacoby 2NT, opener rebids 4♥. What does this show?","Balanced hand","Singleton/void","Extra strength",,,"Jump to game shows a minimum hand."
"286","6","7","After Jacoby 2NT, opener rebids 4♠. What does this show?","Balanced hand","Singleton/void","Extra strength",,,"Jump to game shows a minimum hand."
"287","6","8","After Blackwood 4NT, partner responds 5♣. How many aces does this show?","0 or 4","1","2",,,"5♣ shows 1 ace."
"288","6","8","After Blackwood 4NT, partner responds 5♦. How many aces does this show?","0 or 4","1","2",,,"5♦ shows 2 aces."
"289","6","8","After Blackwood 4NT, partner responds 5♥. How many aces does this show?","0 or 4","1","2",,,"5♥ shows 3 aces."
"290","6","8","After Blackwood 4NT, partner responds 5♠. How many aces does this show?","0 or 4","1","2",,,"5♠ shows 0 or 4 aces."
"291","6","8","After Blackwood, how do you ask for kings?","5NT","6NT","Cue-bid",,,"5NT asks for kings after aces are known."
"292","6","9","After cue-bidding, partner shows control in clubs. What does this mean?","Ace or void","King","Queen",,,"Cue-bid shows first-round control (ace or void)."
"293","6","9","After cue-bidding, partner shows control in diamonds. What does this mean?","Ace or void","King","Queen",,,"Cue-bid shows first-round control (ace or void)."
"294","6","9","After cue-bidding, partner skips a suit. What does this mean?","No control","Extra strength","Balanced hand",,,"Skipping a suit shows no control in that suit."
"295","6","9","After cue-bidding, partner bids 4NT. What does this mean?","Ace ask","King ask","Control ask",,,"4NT is Blackwood, asking for aces."
"296","6","9","After cue-bidding, partner bids 5NT. What does this mean?","Ace ask","King ask","Control ask",,,"5NT asks for kings."
"297","6","10","Partner opens 1♠, you hold ♠KQxx ♥Kxx ♦Kxx ♣Qxx (13 HCP). How do you explore slam?","Jacoby 2NT","Blackwood","Cue-bid",,,"Jacoby 2NT shows support and game-forcing strength."
"298","6","10","Partner opens 1♥, you hold ♠Kxx ♥KQxx ♦Kxx ♣Kxx (14 HCP). How do you explore slam?","Jacoby 2NT","Blackwood","Cue-bid",,,"Jacoby 2NT shows support and game-forcing strength."
"299","6","10","Partner opens 1♠, you hold ♠KQxx ♥Kxx ♦Kxx ♣KQx (16 HCP). How do you ask for aces?","Jacoby 2NT","Blackwood","Cue-bid",,,"Blackwood (4NT) asks for aces."
"300","6","10","Partner opens 1♥, you hold ♠Kxx ♥KQxx ♦Kxx ♣KQx (16 HCP). How do you ask for aces?","Jacoby 2NT","Blackwood","Cue-bid",,,"Blackwood (4NT) asks for aces."