"Question Number","Section Number","Part Number","Question","Choice A","Choice B","Choice C","Choice D","Answer Letter","Explanation"
"1","1","1","What does a red octagon sign indicate?","Yield","Stop","Do Not Enter","Speed Limit","B","The red octagon is universally reserved for STOP signs. Drivers must come to a complete stop before proceeding safely."
"2","1","1","A white rectangular sign with black lettering usually indicates:","Regulatory instruction","Warning of hazards","Information for services","Construction zone","A","White rectangles are regulatory signs that state rules such as speed limits or lane use. They are legally enforceable."
"3","1","1","Which sign prohibits entry into a roadway?","Stop sign","Yield sign","Do Not Enter sign","Railway crossing sign","C","The red circle with a white bar across the middle means DO NOT ENTER. It prohibits vehicles from entering that roadway."
"4","1","1","A speed limit sign showing '80 km/h' means:","You must not exceed 80 km/h","You should drive exactly 80 km/h","You may exceed 80 km/h if safe","It is a suggested speed only","A","Speed limit signs are maximum legal speeds under ideal conditions. Drivers must not exceed the posted limit."
"5","1","1","Failure to obey regulatory signs can result in:","Courtesy warnings only","Fines and demerit points","Vehicle inspection","License renewal delays","B","Disobeying regulatory signs is a traffic offence in Ontario. Penalties include fines, demerit points, and possible license suspension."
"6","1","2","What shape are most warning signs in Ontario?","Octagon","Triangle","Diamond","Rectangle","C","Warning signs are typically diamond-shaped with a yellow background, designed to alert drivers to hazards ahead."
"7","1","2","A yellow diamond sign showing a curved arrow indicates:","Sharp curve ahead","No entry","Speed limit change","Railway crossing","A","Curved arrow warning signs alert drivers to upcoming bends in the road, requiring reduced speed and caution."
"8","1","2","Which sign warns of a pedestrian crossing?","Blue square with P","Yellow diamond with walking figure","Red circle with slash","White rectangle with speed limit","B","A yellow diamond with a pedestrian symbol warns drivers to watch for people crossing the road."
"9","1","2","A slippery road sign means:","Road surface may cause skidding","Stop immediately","Road closed","Speed limit enforced","A","The slippery road warning sign alerts drivers to reduce speed and drive carefully to avoid losing traction."
"10","1","2","What does a yellow diamond sign with a deer symbol indicate?","Zoo nearby","Wildlife crossing area","Farm equipment ahead","Animal prohibited zone","B","This sign warns drivers of areas where deer or other wildlife may cross the road, requiring extra vigilance."
"11","1","3","What color are most information and directional signs?","Red","Yellow","Green or Blue","Orange","C","Information and directional signs are typically green for routes and blue for services, guiding drivers safely."
"12","1","3","A green highway sign usually indicates:","Speed limit","Direction or route information","Warning of hazards","Parking rules","B","Green signs provide route and directional information, helping drivers navigate highways and major roads."
"13","1","3","A blue sign with a white 'H' indicates:","Hospital nearby","Highway ahead","Hazardous area","Helicopter landing zone","A","Blue service signs with an 'H' indicate the presence of a hospital nearby for medical assistance."
"14","1","3","Which sign helps drivers locate fuel stations?","Yellow diamond","Blue service sign with fuel pump","Red circle","White rectangle","B","Blue service signs with a fuel pump symbol guide drivers to nearby gas stations."
"15","1","3","Directional signs are important because:","They enforce laws","They provide navigation and service info","They warn of hazards","They restrict entry","B","Directional signs are not legally binding but help drivers find routes, services, and destinations efficiently."
"16","1","4","What does a flashing red traffic light mean?","Proceed with caution","Stop, then proceed when safe","Yield only","Ignore the signal","B","A flashing red light means drivers must stop completely, then proceed when the way is clear."
"17","1","4","A flashing amber light requires drivers to:","Stop immediately","Proceed with caution","Ignore the signal","Speed up","B","Flashing amber lights warn drivers to proceed carefully, often at pedestrian crossings or intersections."
"18","1","4","A green arrow at a traffic light means:","Go straight only","Turn in the direction of the arrow","Stop and wait","Yield to all traffic","B","A green arrow allows drivers to turn in the indicated direction, with right-of-way protected."
"19","1","4","When a traffic light is out of order, drivers should:","Ignore it","Treat the intersection as a four-way stop","Proceed without stopping","Follow the car ahead","B","If lights are not working, Ontario law requires treating the intersection as a four-way stop."
"20","1","4","A solid amber light means:","Stop immediately","Prepare to stop if safe","Proceed quickly","Ignore the signal","B","Amber lights warn drivers the signal is changing to red. Stop if safe to do so."
"21","1","5","At a four-way stop, who proceeds first?","The largest vehicle","The driver to the left","The driver who arrives first","Pedestrians only","C","At four-way stops, the first vehicle to arrive has the right-of-way. If simultaneous, yield to the right."
"22","1","5","Drivers must yield to pedestrians:","Only at marked crosswalks","At all crosswalks and intersections","Only in school zones","Never","B","Ontario law requires yielding to pedestrians at all crosswalks and intersections, marked or unmarked."
"23","1","5","When merging onto a highway, drivers must:","Force entry","Yield to traffic already on the highway","Stop completely","Ignore other vehicles","B","Merging drivers must yield to vehicles already on the highway, adjusting speed to enter safely."
"24","1","5","At uncontrolled intersections, drivers should:","Proceed without stopping","Yield to vehicles on the right","Always stop","Follow the largest vehicle","B","At intersections without signs or signals, Ontario law requires yielding to vehicles approaching from the right."
"25","1","5","Right-of-way rules are important because:","They reduce confusion and collisions","They allow faster driving","They enforce speed limits","They apply only in rural areas","A","Right-of-way rules establish order at intersections and crossings, reducing confusion and preventing accidents."
"26","1","6","A solid yellow line means:","Passing allowed","No passing","Parking permitted","Lane ends","B","Solid yellow lines indicate no passing zones. Drivers must stay in their lane until safe markings allow passing."
"27","1","6","Broken white lines mean:","Lane changing permitted","No lane changes","Stop required","Yield required","A","Broken white lines separate lanes of traffic moving in the same direction, allowing lane changes when safe."
"28","1","6","A double solid line means:","Passing allowed both ways","Passing prohibited both ways","Passing allowed one way","Lane closed","B","Double solid lines prohibit passing in both directions, ensuring safety in high-risk areas."
"29","1","6","Arrows painted on lanes indicate:","Optional turns","Mandatory lane movements","Parking zones","Speed limits","B","Lane arrows direct drivers to turn or proceed in specific directions, ensuring proper traffic flow."
"30","1","6","Special markings for bicycle lanes are:","Solid green pavement or symbols","Broken yellow lines","Blue rectangles","Orange diamonds","A","Ontario uses green pavement or bicycle symbols to designate lanes reserved for cyclists."
"31","1","7","Default speed limit in Ontario cities is:","40 km/h","50 km/h","60 km/h","80 km/h","B","The default speed limit in built-up areas is 50 km/h unless otherwise posted."
"32","1","7","Default speed limit on rural roads is:","60 km/h","70 km/h","80 km/h","100 km/h","C","Ontario’s rural roads generally have a default speed limit of 80 km/h unless posted otherwise."
"33","1","7","Speed limits in school zones are usually:","30–40 km/h","50 km/h","60 km/h","80 km/h","A","School zones often have reduced limits of 30–40 km/h to protect children."
"34","1","7","Driving too slowly can:","Be safe","Cause traffic hazards","Always be legal","Save fuel","B","Driving significantly below the speed limit can disrupt traffic flow and create hazards."
"35","1","7","Construction zones often have:","Higher speed limits","Reduced speed limits","No speed limits","Optional speed limits","B","Ontario construction zones enforce reduced speed limits, with higher fines for violations."
"36","1","8","Drivers must yield at school crossings when:","Children are present","Only during daylight","Only when police are present","Never","A","Drivers must yield at school crossings whenever children are present, regardless of time of day."
"37","1","8","Flashing lights in school zones indicate:","Speed limit applies","Stop immediately","Ignore the signal","Parking allowed","A","Flashing lights in school zones remind drivers that reduced speed limits are in effect."
"38","1","8","Drivers approaching a crosswalk must:","Speed up","Yield to pedestrians","Honk to warn","Ignore pedestrians","B","Ontario law requires yielding to pedestrians at marked and unmarked crosswalks."
"39","1","8","Failing to yield in school zones can result in:","Courtesy warning","Fines and demerit points","License renewal delays","Vehicle inspection","B","Violations in school zones carry fines and demerit points due to increased risk to children."
"40","1","8","School zones are important because:","They reduce traffic","They protect vulnerable pedestrians","They allow faster driving","They enforce parking rules","B","School zones prioritize child safety by reducing speed and requiring driver vigilance."
"41","1","9","At railway crossings with flashing lights, drivers must:","Proceed cautiously","Stop at least 5 meters from tracks","Ignore the lights","Speed up to cross quickly","B","Ontario law requires stopping at least 5 meters from tracks when signals are active."
"42","1","9","A railway crossing sign shaped like an 'X' means:","Stop sign","Yield to trains","No entry","Speed limit","B","The crossbuck sign indicates a railway crossing where drivers must yield to trains."
"43","1","9","If gates are down at a railway crossing, drivers should:","Drive around them","Wait until they rise","Honk and proceed","Reverse immediately","B","Drivers must wait until gates are fully raised before crossing. Ignoring them is illegal and dangerous."
"44","1","9","Trains have:","Right-of-way over vehicles","Equal rights with cars","No priority","Optional priority","A","Trains always have the right-of-way at crossings due to their size and stopping distance."
"45","1","9","Railway crossings are dangerous because:","Trains cannot stop quickly","Drivers may ignore signals","Visibility may be limited","All of the above","D","Railway crossings are hazardous for multiple reasons, requiring strict compliance with signals and rules."
"46","1","10","At roundabouts, drivers must yield to:","Vehicles entering","Vehicles already in the roundabout","Pedestrians only","Cyclists only","B","Vehicles inside the roundabout have the right-of-way. Entering drivers must yield until safe."
"47","1","10","Which signal should be used when exiting a roundabout?","Left turn signal","Right turn signal","Hazard lights","No signal","B","Drivers must use the right turn signal when exiting a roundabout to inform others of their movement."
"48","1","10","At intersections with traffic lights, drivers must:","Follow the signals","Ignore pedestrians","Proceed regardless of lights","Yield only to trucks","A","Traffic lights control the flow of vehicles and pedestrians. Drivers must obey signals to ensure safety and compliance with Ontario law."
"49","1","10","When turning left at an intersection without signals, drivers must:","Yield to oncoming traffic","Proceed immediately","Ignore other vehicles","Turn without signaling","A","At unsignalized intersections, left-turning drivers must yield to oncoming traffic before completing the turn."
"50","1","10","Roundabouts improve safety because:","They eliminate all stops","They reduce collision points","They allow speeding","They remove pedestrians","B","Roundabouts reduce the number of conflict points compared to traditional intersections, lowering the risk of serious collisions."
"51","2","1","Before starting a vehicle, drivers should:","Check mirrors and seat position","Turn on hazard lights","Release the parking brake immediately","Ignore surroundings","A","Proper preparation includes adjusting mirrors, seat, and ensuring safety before starting the engine."
"52","2","1","When stopping a vehicle, drivers must:","Apply brakes smoothly","Turn off headlights","Shift into neutral","Accelerate briefly","A","Smooth braking prevents skidding and ensures passenger comfort and safety."
"53","2","1","Which foot should be used for braking in automatic cars?","Left foot","Right foot","Both feet","Either foot","B","In automatic vehicles, the right foot is used for both acceleration and braking to avoid confusion."
"54","2","1","When parking on a hill, drivers should:","Leave wheels straight","Turn wheels toward or away from curb","Always use hazard lights","Ignore wheel position","B","Turning wheels properly prevents the vehicle from rolling if brakes fail."
"55","2","1","Stopping distance depends on:","Vehicle color","Driver’s age","Speed and road conditions","Fuel type","C","Stopping distance increases with speed and poor road conditions, requiring extra caution."
"56","2","2","Proper steering technique includes:","One hand only","Push-pull or hand-over-hand","Crossing arms tightly","Using fingertips","B","Ontario recommends push-pull or hand-over-hand steering for control and safety."
"57","2","2","When driving straight, hands should be:","At 12 o’clock","At 10 and 2 or 9 and 3","On lap","On gear shift","B","Hands at 9 and 3 or 10 and 2 provide maximum control and stability."
"58","2","2","Steering too sharply at high speed can cause:","Better control","Loss of traction","Improved fuel economy","No effect","B","Sharp steering at high speeds can cause skidding or rollover accidents."
"59","2","2","Drivers should check blind spots by:","Using mirrors only","Turning head to look","Accelerating quickly","Ignoring them","B","Blind spots require shoulder checks, as mirrors do not show all areas."
"60","2","2","Steering corrections are needed when:","Vehicle drifts","Road is straight","Speed is low","Driver is resting","A","Minor corrections keep the vehicle centered in its lane, especially on highways."
"61","2","3","Smooth acceleration prevents:","Fuel use","Loss of control","Passenger comfort","Better braking","B","Gradual acceleration prevents wheel spin and loss of control, especially on slippery roads."
"62","2","3","Hard braking should be avoided because:","It saves fuel","It increases stopping distance","It may cause skidding","It improves control","C","Sudden braking can cause skidding and loss of control."
"63","2","3","Drivers should accelerate:","Suddenly","Gradually","Only downhill","Without checking mirrors","B","Gradual acceleration ensures safety and smoother traffic flow."
"64","2","3","Braking distance increases with:","Lower speed","Wet or icy roads","New tires","Daylight driving","B","Wet or icy roads increase braking distance, requiring slower speeds."
"65","2","3","ABS brakes help by:","Locking wheels","Preventing wheel lock","Increasing speed","Reducing fuel use","B","Anti-lock braking systems prevent wheels from locking, allowing steering during emergency stops."
"66","2","4","Parallel parking requires:","Backing into space","Driving forward only","Ignoring mirrors","Stopping in traffic lane","A","Parallel parking involves reversing into a space while checking mirrors and surroundings."
"67","2","4","Parking near fire hydrants is:","Allowed","Prohibited","Optional","Encouraged","B","Ontario law prohibits parking within 3 meters of fire hydrants."
"68","2","4","Angle parking is common in:","Highways","Parking lots","Driveways","Intersections","B","Angle parking is typically used in parking lots for efficiency."
"69","2","4","When parking downhill with a curb, wheels should:","Turned toward curb","Turned away from curb","Left straight","Not adjusted","A","Turning wheels toward the curb prevents rolling into traffic."
"70","2","4","Parking rules are important because:","They reduce congestion","They prevent fines and hazards","They allow faster driving","They improve fuel use","B","Proper parking ensures safety and avoids penalties."
"71","2","5","On highways, drivers should:","Maintain safe following distance","Drive at any speed","Ignore lane markings","Stop frequently","A","Safe following distances prevent collisions at high speeds."
"72","2","5","Entering a highway requires:","Stopping completely","Merging smoothly","Ignoring traffic","Driving slowly","B","Drivers must merge smoothly, matching the speed of highway traffic."
"73","2","5","Highway exits are marked by:","Green signs","Red signs","Yellow diamonds","Blue rectangles","A","Green directional signs indicate exits and routes on highways."
"74","2","5","Safe lane changes on highways require:","Signal, mirror check, shoulder check","Speeding up","Ignoring signals","Following other cars","A","Proper lane changes require signaling and checking mirrors and blind spots."
"75","2","5","Driving too close to other vehicles on highways can cause:","Better fuel use","Rear-end collisions","Improved control","No effect","B","Tailgating increases collision risk, especially at highway speeds."
"76","2","6","Passing is allowed when:","Solid line present","Broken line present","At intersections","Near railway crossings","B","Passing is permitted only when broken lines indicate it is safe."
"77","2","6","Drivers must not pass:","On hills or curves","On highways","When speed is low","When alone","A","Passing on hills or curves is dangerous due to limited visibility."
"78","2","6","Before overtaking, drivers should:","Signal and check mirrors","Accelerate immediately","Ignore traffic","Use hazard lights","A","Safe overtaking requires signaling and checking mirrors and blind spots."
"79","2","6","Passing on the right is:","Always allowed","Allowed in specific conditions","Never allowed","Encouraged","B","Passing on the right is allowed only when conditions permit, such as multi-lane roads."
"80","2","6","Unsafe passing can result in:","Fines and collisions","Better speed","Improved traffic flow","No consequences","A","Unsafe passing is a major cause of collisions and carries penalties."
"81","2","7","Reversing requires:","Checking mirrors and blind spots","Accelerating quickly","Ignoring surroundings","Using hazard lights only","A","Drivers must check mirrors and blind spots before reversing to avoid accidents."
"82","2","7","Three-point turns are used:","On highways","To turn around on narrow roads","In parking lots","At intersections","B","Three-point turns allow drivers to reverse direction on narrow roads safely."
"83","2","7","When reversing, drivers should:","Look over shoulder","Use mirrors only","Accelerate quickly","Ignore pedestrians","A","Looking over the shoulder ensures visibility of obstacles behind the vehicle."
"84","2","7","Reversing without caution can cause:","Improved control","Collisions with pedestrians or objects","Better speed","No effect","B","Unsafe reversing often leads to collisions with unseen hazards."
"85","2","7","Three-point turns require:","Clear visibility and space","High speed","Ignoring traffic","No signaling","A","Three-point turns must be done only when visibility and space allow safe maneuvering."
"86","2","8","Emergency maneuvers include:","Sudden stops and swerves","Routine lane changes","Parking","Fuel checks","A","Emergency maneuvers are sudden actions to avoid hazards, requiring control and awareness."
"87","2","8","Drivers should practice emergency maneuvers:","On busy roads","In safe environments","Only during exams","Never","B","Practicing in safe areas builds confidence for real emergencies."
"88","2","8","ABS helps during emergency stops by:","Locking wheels","Allowing steering control","Increasing speed","Reducing fuel use","B","ABS prevents wheel lock, allowing drivers to steer while braking hard."
"89","2","8","Swerving safely requires:","Controlled steering and awareness","Sudden acceleration","Ignoring surroundings","Stopping immediately","A","Swerving must be controlled to avoid losing traction or hitting other vehicles."
"90","2","8","Emergency maneuvers are important because:","They reduce collision risk","They improve fuel use","They allow faster driving","They enforce laws","A","Emergency maneuvers prepare drivers to respond safely to unexpected hazards."
"91","2","9","Driving in rain requires:","Slower speed and headlights","Faster speed","Ignoring road conditions","Hazard lights only","A","Rain reduces visibility and traction, requiring slower speeds and headlights."
"92","2","9","Fog driving requires:","High beams","Low beams","No lights","Hazard lights only","B","Low beams reduce glare and improve visibility in fog."
"93","2","9","Snow driving requires:","Sudden braking","Gentle acceleration and braking","Ignoring conditions","High speed","B","Gentle inputs prevent skidding on snow and ice."
"94","2","9","Icy roads require:","Increased following distance","Normal distance","Reduced distance","No adjustment","A","On icy roads, drivers must increase following distance to allow more time to stop safely."
"95","2","9","When driving in heavy snow, drivers should:","Use high beams","Use low beams","Turn off lights","Speed up","B","Low beams reduce glare and improve visibility in snowy conditions, unlike high beams which reflect off snow."
"96","2","10","When passing cyclists, drivers must leave:","1 meter of space","No space","Half a meter","Any distance","A","Ontario law requires at least 1 meter of space when passing cyclists to ensure safety."
"97","2","10","Pedestrians have right-of-way at:","Marked and unmarked crosswalks","Only marked crosswalks","Only intersections","Never","A","Pedestrians always have right-of-way at both marked and unmarked crosswalks in Ontario."
"98","2","10","Drivers must yield to pedestrians when:","Turning at intersections","Driving straight only","Parking","Never","A","Drivers must yield to pedestrians when turning at intersections to prevent collisions."
"99","2","10","Cyclists are allowed to:","Use the full lane when necessary","Ride only on sidewalks","Ignore traffic laws","Always ride two abreast","A","Cyclists may use the full lane when conditions make it unsafe to ride near the curb."
"100","2","10","Sharing the road safely means:","Respecting cyclists and pedestrians","Ignoring vulnerable users","Driving faster","Using hazard lights only","A","Safe driving requires respecting cyclists and pedestrians, yielding when necessary, and maintaining safe distances."
"101","3","1","Ontario law requires seatbelts to be worn by:","Drivers only","Front-seat passengers only","All drivers and passengers","Children only","C","Ontario law requires all drivers and passengers to wear seatbelts. Children must be in proper restraints."
"102","3","1","Children under 8 must use:","Adult seatbelt only","Child car seat or booster","No restraint","Front seat only","B","Children under 8 must use age-appropriate car seats or booster seats until they meet size requirements."
"103","3","1","Drivers are responsible for ensuring seatbelts are worn by:","Passengers under 16","Passengers over 16","Only themselves","No one","A","Drivers must ensure passengers under 16 are properly restrained. Passengers 16+ are responsible for themselves."
"104","3","1","Proper use of seatbelts reduces:","Fuel consumption","Risk of injury in collisions","Traffic congestion","Vehicle wear","B","Seatbelts significantly reduce the risk of serious injury or death in collisions."
"105","3","1","Booster seats are required until a child is:","40 lbs","80 lbs or 145 cm tall","10 years old","Graduated from G2","B","Ontario requires booster seats until a child weighs at least 80 lbs or is 145 cm tall."
"106","3","2","Distracted driving includes:","Using a handheld phone","Eating while driving","Adjusting GPS","All of the above","D","Distracted driving covers any activity that takes attention away from driving, including phones, eating, or GPS use."
"107","3","2","Ontario penalties for using a handheld device include:","Courtesy warning","Fines and demerit points","License renewal delay","Vehicle inspection","B","Using handheld devices while driving carries fines, demerit points, and possible license suspension."
"108","3","2","Even brief distractions can:","Improve focus","Cause collisions","Save fuel","Have no effect","B","Taking eyes off the road even briefly can cause collisions due to delayed reaction times."
"109","3","2","Safe driving habits include:","Setting GPS before departure","Texting while stopped","Holding phone while driving","Ignoring mirrors","A","Drivers should set GPS and devices before departure to avoid distractions while driving."
"110","3","2","Distracted driving is dangerous because:","It reduces reaction time","It improves awareness","It saves time","It increases fuel efficiency","A","Distractions reduce reaction time and awareness, making collisions more likely."
"111","3","3","Impaired driving refers to:","Driving while tired","Driving under the influence of alcohol or drugs","Driving without insurance","Driving with passengers","B","Impaired driving means operating a vehicle under the influence of alcohol, drugs, or medication, which reduces judgment and reaction time."
"112","3","3","Ontario penalties for impaired driving include:","Courtesy warning","License suspension and fines","Free driving lessons","Vehicle upgrade","B","Impaired driving carries severe penalties such as license suspension, fines, and possible criminal charges."
"113","3","3","Novice drivers face:","Zero tolerance for alcohol","Reduced penalties","No restrictions","Optional testing","A","Ontario’s graduated licensing system enforces zero tolerance for alcohol among novice drivers."
"114","3","3","Impaired driving increases risk because:","It improves focus","It slows reaction time","It saves fuel","It reduces traffic","B","Alcohol and drugs impair reaction time and judgment, making collisions more likely."
"115","3","3","Safe alternatives to impaired driving include:","Designated driver","Public transit","Ride-sharing services","All of the above","D","Drivers should use safe alternatives like designated drivers or transit instead of driving impaired."
"116","3","4","Fatigue affects drivers by:","Improving reaction time","Reducing alertness","Increasing awareness","Saving fuel","B","Fatigue reduces alertness and reaction time, similar to alcohol impairment."
"117","3","4","Signs of fatigue include:","Heavy eyelids","Drifting lanes","Difficulty focusing","All of the above","D","Fatigue symptoms include drifting lanes, heavy eyelids, and poor focus, all dangerous while driving."
"118","3","4","Drivers should rest every:","30 minutes","2 hours","5 hours","Only at night","B","Ontario recommends resting every 2 hours on long trips to prevent fatigue."
"119","3","4","Best way to prevent fatigue is:","Drink coffee only","Get adequate sleep","Drive faster","Ignore symptoms","B","Adequate sleep before driving is the best prevention against fatigue."
"120","3","4","Fatigue-related collisions are:","Less serious","As dangerous as impaired driving","Not possible","Always minor","B","Fatigue can cause collisions as serious as those caused by impaired driving."
"121","3","5","Defensive driving means:","Reacting aggressively","Anticipating hazards","Ignoring other drivers","Driving faster","B","Defensive driving involves anticipating hazards and preparing for others’ mistakes."
"122","3","5","Key defensive driving technique:","Tailgating","Scanning surroundings","Ignoring signals","Speeding","B","Scanning surroundings helps drivers anticipate hazards and avoid collisions."
"123","3","5","Safe following distance is:","1 second","2 seconds","3 seconds or more","No requirement","C","A minimum 3-second following distance allows time to react safely."
"124","3","5","Defensive drivers:","Expect others to make mistakes","Ignore pedestrians","Drive aggressively","Never yield","A","Defensive drivers anticipate mistakes by others and adjust accordingly."
"125","3","5","Defensive driving reduces:","Fuel use","Collision risk","Traffic congestion","Vehicle wear","B","Defensive driving reduces collision risk and improves safety for all road users."
"126","3","6","Drivers must yield to emergency vehicles when:","Lights and sirens are on","Only at night","Only in rural areas","Never","A","Ontario law requires yielding to emergency vehicles with lights and sirens activated."
"127","3","6","Proper response to emergency vehicles:","Pull over safely","Speed up","Ignore them","Stop immediately in lane","A","Drivers must pull over safely to allow emergency vehicles to pass."
"128","3","6","Failing to yield to emergency vehicles results in:","Courtesy warning","Fines and demerit points","License renewal delay","No penalty","B","Failing to yield carries fines and demerit points under Ontario law."
"129","3","6","Emergency vehicles include:","Police cars","Fire trucks","Ambulances","All of the above","D","Police, fire, and ambulance vehicles are all considered emergency vehicles."
"130","3","6","Yielding to emergency vehicles ensures:","Faster response","Reduced congestion","Improved fuel use","Better parking","A","Yielding allows emergency responders to reach incidents quickly and safely."
"131","3","7","Road rage is:","Aggressive driving behavior","Defensive driving","Safe driving","Courtesy","A","Road rage involves aggressive driving, which increases collision risk."
"132","3","7","Examples of road rage include:","Tailgating","Honking aggressively","Cutting off vehicles","All of the above","D","Road rage includes tailgating, aggressive honking, and cutting off other drivers."
"133","3","7","Best way to avoid road rage:","Stay calm","Avoid confrontations","Use courtesy","All of the above","D","Staying calm, avoiding confrontations, and courtesy prevent road rage incidents."
"134","3","7","Ontario penalizes road rage as:","Aggressive driving offence","Courtesy violation","Minor infraction","No penalty","A","Road rage is penalized as aggressive driving, with fines and demerit points."
"135","3","7","Courtesy improves:","Traffic flow","Driver stress","Safety","All of the above","D","Courtesy reduces stress, improves traffic flow, and enhances safety."
"136","3","8","Vehicle safety equipment includes:","Airbags","Anti-lock brakes","Traction control","All of the above","D","Modern vehicles include airbags, ABS, and traction control to improve safety."
"137","3","8","Airbags work with:","Seatbelts","Mirrors","Headlights","Horn","A","Airbags are designed to work with seatbelts to reduce injury in collisions."
"138","3","8","ABS prevents:","Wheel lock","Fuel use","Speeding","Lane changes","A","Anti-lock braking systems prevent wheel lock, allowing steering during hard braking."
"139","3","8","Traction control helps:","Prevent wheel spin","Increase speed","Reduce fuel use","Improve parking","A","Traction control prevents wheel spin, especially on slippery surfaces."
"140","3","8","Safety equipment must be:","Regularly maintained","Ignored","Used only in emergencies","Optional","A","Safety equipment must be maintained to function properly and ensure safety."
"141","3","9","After a collision, drivers must:","Stop and exchange information","Drive away","Ignore damage","Call insurance only","A","Ontario law requires stopping and exchanging information after a collision."
"142","3","9","Police must be called if:","Damage exceeds threshold or injuries occur","Only minor damage","No one injured","Always","A","Police must be contacted if damage exceeds legal thresholds or injuries occur."
"143","3","9","Drivers should remain:","Calm","Aggressive","Silent","Uncooperative","A","Remaining calm after a collision ensures safety and proper handling of the situation."
"144","3","9","Insurance information must be:","Exchanged with other drivers","Kept private","Ignored","Optional","A","Drivers must exchange insurance details after a collision."
"145","3","9","Collision procedures protect:","Legal rights and safety","Fuel use","Vehicle wear","Traffic flow","A","Following proper procedures protects legal rights and ensures safety."
"146","3","10","Ontario requires all vehicles to have:","Insurance","No insurance","Optional coverage","Temporary permits only","A","Ontario law requires all vehicles to carry valid insurance."
"147","3","10","Driving without insurance can result in:","Fines and suspension","Courtesy warning","Improved fuel use","No penalty","A","Driving uninsured carries fines, license suspension, and possible vehicle impoundment."
"148","3","10","Liability insurance covers:","Damage to others","Driver’s fuel costs","Vehicle maintenance","Traffic tickets","A","Liability insurance covers damage or injury caused to others."
"149","3","10","Insurance protects drivers:","Financially and legally","Only socially","Only environmentally","Not at all","A","Insurance provides financial and legal protection in case of collisions."
"150","3","10","Maintaining insurance ensures:","Compliance with law","Security for drivers","Community safety","All of the above","D","Insurance ensures compliance, protects drivers, and promotes community safety."
"151","4","1","Ontario’s graduated licensing system includes:","G1, G2, and full G","Learner’s permit only","International license","Commercial license","A","Ontario uses a graduated system (G1, G2, G) to help new drivers gain experience safely."
"152","4","1","G1 drivers must:","Drive alone","Be accompanied by a fully licensed driver","Drive only at night","Ignore speed limits","B","G1 drivers must be accompanied by a fully licensed driver with at least 4 years of experience."
"153","4","1","G2 drivers face:","Zero alcohol tolerance","No restrictions","Optional testing","Unlimited passengers","A","G2 drivers must maintain zero blood alcohol concentration and follow passenger restrictions."
"154","4","1","Progression from G1 to G2 requires:","Written test only","Road test","Insurance approval","No testing","B","Drivers must pass a road test to progress from G1 to G2."
"155","4","1","Graduated licensing helps:","Drivers gain experience safely","Drivers avoid insurance","Drivers skip testing","Drivers drive faster","A","The system ensures drivers gain experience gradually under controlled conditions."
"156","4","2","Licenses must be renewed:","Every 5 years","Every 10 years","Only once","Never","A","Ontario driver’s licenses must be renewed every 5 years to remain valid."
"157","4","2","Suspensions occur due to:","Traffic violations","Medical conditions","Accumulated demerit points","All of the above","D","Suspensions can result from violations, medical issues, or demerit points."
"158","4","2","Drivers with suspended licenses:","May continue driving","Cannot drive legally","Can drive only at night","Can drive with supervision","B","Suspended licenses mean drivers cannot legally operate a vehicle."
"159","4","2","Renewal requires:","Medical checks for some drivers","No requirements","Vehicle inspection","Insurance renewal only","A","Medical checks may be required for older drivers or those with health conditions."
"160","4","2","Failure to renew a license results in:","Courtesy warning","Loss of driving privileges","Improved insurance rates","No effect","B","Drivers lose legal driving privileges if they fail to renew their license."
"161","4","3","Demerit points are assigned for:","Traffic violations","Vehicle maintenance","Insurance claims","Fuel use","A","Ontario assigns demerit points for traffic violations to track driver behavior."
"162","4","3","Too many demerit points can lead to:","License suspension","Free lessons","Improved insurance","No consequence","A","Accumulating too many points can result in license suspension."
"163","4","3","Novice drivers face consequences at:","9 points","15 points","20 points","No points","A","Novice drivers may face suspension after accumulating 9 demerit points."
"164","4","3","Experienced drivers face consequences at:","15 points","5 points","25 points","No points","A","Experienced drivers may face suspension after accumulating 15 demerit points."
"165","4","3","Demerit points encourage:","Safe driving","Aggressive driving","Ignoring rules","Faster driving","A","The system encourages safe driving by penalizing violations."
"166","4","4","Traffic fines are issued for:","Speeding","Failing to yield","Distracted driving","All of the above","D","Ontario issues fines for a wide range of traffic violations."
"167","4","4","Failing to yield can result in:","Courtesy warning","Fines and demerit points","License renewal delay","No penalty","B","Failing to yield carries fines and demerit points."
"168","4","4","Distracted driving fines can be:","Over $500","No fine","Optional","Always waived","A","Distracted driving fines can exceed $500 depending on severity."
"169","4","4","Construction zone violations result in:","Higher fines","Lower fines","No fines","Optional fines","A","Ontario imposes higher fines for violations in construction zones."
"170","4","4","Traffic fines exist to:","Encourage compliance","Increase fuel use","Reduce insurance","Improve parking","A","Fines encourage compliance with traffic laws and improve safety."
"171","4","5","Vehicle registration requires:","Valid plates and stickers","Insurance only","Driver’s license only","No requirements","A","Ontario requires valid plates and stickers for vehicle registration."
"172","4","5","Expired registration results in:","Courtesy warning","Fines and penalties","Improved insurance","No effect","B","Driving with expired registration carries fines and penalties."
"173","4","5","Registration must be renewed:","Annually or biannually","Once only","Every 10 years","Never","A","Ontario requires annual or biannual renewal of vehicle registration."
"174","4","5","Registration ensures:","Vehicle identification","Fuel efficiency","Driver comfort","No effect","A","Registration ensures vehicles are legally identified and tracked."
"175","4","5","Driving without registration is:","Legal","Illegal","Optional","Encouraged","B","Driving without registration is illegal in Ontario."
"176","4","6","Vehicle inspections are required:","When transferring ownership","Every month","Never","Only for new cars","A","Ontario requires safety inspections when transferring ownership of a vehicle."
"177","4","6","Safety standards ensure:","Vehicles are roadworthy","Drivers are licensed","Fuel use is reduced","Insurance rates improve","A","Safety standards ensure vehicles are safe to operate."
"178","4","6","Failing inspection means:","Vehicle cannot be sold","Vehicle is safer","Vehicle is exempt","No consequence","A","Vehicles failing inspection cannot be legally sold until repaired."
"179","4","6","Inspections check:","Brakes, tires, lights","Fuel type","Driver’s age","Insurance policy","A","Inspections check critical safety components like brakes, tires, and lights."
"180","4","6","Safety inspections protect:","Drivers and passengers","Fuel economy","Parking spaces","None","A","Inspections protect drivers, passengers, and other road users by ensuring vehicles are safe."
"181","4","7","Driving records track:","Violations and suspensions","Fuel use","Vehicle maintenance","Parking spaces","A","Driving records track violations and suspensions, affecting insurance and employment."
"182","4","7","Clean driving records:","Lower insurance rates","Increase fines","Cause suspension","Have no effect","A","Clean records often result in lower insurance premiums."
"183","4","7","Employers may check driving records for:","Delivery jobs","Professional driving","Insurance purposes","All of the above","D","Employers may check records for jobs requiring driving responsibility."
"184","4","7","Driving records are maintained by:","Ministry of Transportation","Insurance companies","Police only","Drivers themselves","A","Ontario’s Ministry of Transportation maintains official driving records."
"185","4","7","Maintaining a clean record benefits:","Drivers long-term","Fuel use","Vehicle wear","Parking availability","A","Clean records benefit drivers by reducing costs and improving opportunities."
"186","4","8","Commercial drivers must maintain:","Logbooks","Fuel receipts","Insurance claims","No records","A","Commercial drivers must maintain logbooks to track hours and compliance."
"187","4","8","Commercial vehicles require:","Regular inspections","No inspections","Optional inspections","Annual insurance only","A","Commercial vehicles require regular inspections to ensure safety."
"188","4","8","Commercial drivers face:","Stricter rules","Fewer rules","No rules","Optional rules","A","Commercial drivers face stricter rules to protect public safety."
"189","4","8","Commercial licenses include:","Class A, B, C","G1, G2","International","None","A","Ontario issues commercial licenses such as Class A, B, and C for specific vehicles."
"190","4","8","Commercial driving rules exist to:","Protect road safety","Increase fuel use","Reduce parking","Improve comfort","A","Stricter rules protect road safety for all users."
"191","4","9","International driving permits allow:","Driving abroad legally","Driving only in Ontario","Driving without a license","Driving commercial vehicles","A","International permits allow Ontario drivers to operate vehicles legally abroad."
"192","4","9","Permits are obtained from:","CAA","Police","Insurance companies","Employers","A","International permits are issued by the Canadian Automobile Association (CAA)."
"193","4","9","Permits are valid for:","One year","Five years","Ten years","Lifetime","A","International driving permits are valid for one year."
"194","4","9","Permits must be used with:","Ontario license","Insurance only","Passport only","No documents","A","Permits must be accompanied by a valid Ontario driver’s license."
"195","4","9","International permits help:","Drivers travel legally","Drivers avoid insurance","Drivers skip testing","Drivers drive faster","A","Permits ensure drivers can travel legally in other countries."
"196","4","10","Drivers’ legal responsibilities include:","Obeying laws","Respecting others","Maintaining vehicles","All of the above","D","Drivers must obey laws, respect others, and maintain vehicles to ensure safety."
"197","4","10","Drivers must maintain vehicles by:","Ignoring maintenance","Regular servicing","Driving faster","Parking indoors only","B","Regular servicing ensures vehicles remain safe and compliant with Ontario’s road safety standards."
"198","4","10","Legal responsibilities extend to:","Personal safety only","Community well-being","Fuel efficiency","Parking convenience","B","Drivers’ responsibilities include protecting community safety, not just their own."
"199","4","10","Failing to meet legal responsibilities can result in:","Fines and penalties","Improved insurance","No consequences","Better parking","A","Ignoring legal responsibilities can lead to fines, penalties, and possible suspension."
"200","4","10","Respecting laws and others on the road ensures:","Safer communities","Faster driving","Lower fuel use","No effect","A","Obeying laws and respecting others ensures safer communities and smoother traffic flow."
"201","5","1","Urban driving challenges include:","Heavy traffic and pedestrians","Wildlife crossings","Steep mountain roads","Unpaved surfaces","A","Urban driving involves heavy traffic, frequent stops, and pedestrians, requiring patience and vigilance."
"202","5","1","Drivers in urban areas must:","Ignore cyclists","Watch for transit vehicles","Drive faster","Avoid signaling","B","Urban driving requires awareness of cyclists and transit vehicles to ensure safety."
"203","5","1","Best practice in urban driving:","Tailgating","Scanning surroundings","Ignoring pedestrians","Speeding","B","Scanning surroundings helps anticipate hazards in busy urban environments."
"204","5","1","Parking in urban areas requires:","Blocking driveways","Following signage","Ignoring rules","Stopping anywhere","B","Drivers must follow signage and rules to park legally and safely."
"205","5","1","Urban driving demands:","Defensive driving","Aggressive driving","No signaling","High speed","A","Defensive driving reduces collision risk in congested urban settings."
"206","5","2","Rural driving hazards include:","Wildlife and farm equipment","Heavy traffic","Transit vehicles","Streetlights","A","Rural roads often involve wildlife crossings and farm equipment, requiring extra caution."
"207","5","2","Rural roads often lack:","Street lighting","Wildlife","Traffic signs","Speed limits","A","Rural roads may lack lighting, making night driving more dangerous."
"208","5","2","Drivers should adjust speed in rural areas for:","Wildlife","Farm vehicles","Uneven surfaces","All of the above","D","Rural driving requires adjusting speed for multiple hazards."
"209","5","2","Rural driving differs from urban driving because:","Traffic is lighter","Hazards include wildlife","Roads may be uneven","All of the above","D","Rural driving presents unique hazards compared to urban driving."
"210","5","2","Safe rural driving requires:","High speed","Ignoring hazards","Vigilance and caution","No signaling","C","Drivers must remain vigilant and cautious in rural environments."
"211","5","3","Highway driving requires:","Lane discipline","Ignoring signals","Stopping frequently","Driving slowly","A","Highway driving demands lane discipline and awareness of merging traffic."
"212","5","3","Safe following distance on highways:","1 second","2 seconds","3 seconds or more","No requirement","C","A minimum 3-second following distance is recommended at highway speeds."
"213","5","3","Highway exits are marked by:","Green signs","Red signs","Yellow diamonds","Blue rectangles","A","Green directional signs indicate exits and routes on highways."
"214","5","3","Merging onto highways requires:","Stopping completely","Matching speed of traffic","Ignoring other vehicles","Driving slowly","B","Drivers must match highway speed when merging safely."
"215","5","3","Highway driving hazards include:","High speeds","Dense traffic","Sudden lane changes","All of the above","D","Highway driving involves multiple hazards requiring vigilance."
"216","5","4","Night driving reduces:","Visibility","Fuel use","Traffic laws","Vehicle wear","A","Night driving reduces visibility, requiring headlights and caution."
"217","5","4","Drivers should use:","High beams when alone","Low beams in traffic","No lights","Hazard lights only","B","Low beams prevent glare when other vehicles are present."
"218","5","4","Fatigue risk increases:","During night driving","During day driving","On highways only","Never","A","Night driving increases fatigue risk, requiring rest and alertness."
"219","5","4","Glare from headlights can be reduced by:","Looking to right edge of road","Staring at lights","Turning off headlights","Driving faster","A","Looking to the right edge helps reduce glare from oncoming headlights."
"220","5","4","Safe night driving requires:","Slower speeds and caution","Ignoring hazards","Driving faster","No signaling","A","Reduced speed and caution improve safety at night."
"221","5","5","Winter driving requires:","Snow tires","High speed","Ignoring conditions","No adjustments","A","Snow tires improve traction and safety in Ontario winters."
"222","5","5","Braking on ice should be:","Sudden","Gentle","Ignored","High speed","B","Gentle braking prevents skidding on icy roads."
"223","5","5","Drivers should increase:","Following distance","Speed","Aggression","Lane changes","A","Winter driving requires increased following distance to allow safe stopping."
"224","5","5","Winter hazards include:","Snow and ice","Reduced visibility","Slippery roads","All of the above","D","Winter driving presents multiple hazards requiring caution."
"225","5","5","Preparation for winter driving includes:","Snow tires and emergency kit","Ignoring conditions","Driving faster","No preparation","A","Preparation ensures safety during Ontario’s winter conditions."
"226","5","6","Rain reduces:","Visibility and traction","Fuel use","Traffic laws","Vehicle wear","A","Rain reduces visibility and traction, requiring slower speeds and headlights."
"227","5","6","Fog requires:","Low beams","High beams","No lights","Hazard lights only","A","Low beams reduce glare and improve visibility in fog."
"228","5","6","Hydroplaning occurs when:","Tires lose contact with road","Brakes fail","Driver accelerates slowly","Engine overheats","A","Hydroplaning happens when water lifts tires off the road surface."
"229","5","6","Safe rain driving requires:","Slower speeds","Increased following distance","Headlights","All of the above","D","Drivers must slow down, increase distance, and use headlights in rain."
"230","5","6","Fog driving hazards include:","Reduced visibility","Improved traction","Better fuel use","No effect","A","Fog reduces visibility, requiring caution and low beams."
"231","5","7","Construction zones require:","Reduced speed","Ignoring workers","Driving faster","No signaling","A","Ontario law requires reduced speed in construction zones."
"232","5","7","Fines in construction zones are:","Higher","Lower","Optional","Waived","A","Ontario imposes higher fines for violations in construction zones."
"233","5","7","Drivers must obey:","Signs and workers’ directions","Only speed limits","No rules","Other drivers only","A","Drivers must obey signage and workers’ instructions in construction zones."
"234","5","7","Construction zones are dangerous because:","Workers present","Lane changes","Reduced space","All of the above","D","Construction zones present multiple hazards requiring caution."
"235","5","7","Safety in construction zones protects:","Workers and drivers","Fuel use","Parking","None","A","Reduced speed and caution protect both workers and drivers."
"236","5","8","Mountain roads require:","Careful braking","Ignoring curves","High speed","No adjustments","A","Drivers must brake carefully and anticipate curves on mountain roads."
"237","5","8","Downhill driving requires:","Lower gear","Higher gear","No gear change","Neutral","A","Using lower gear prevents brake overheating on downhill slopes."
"238","5","8","Curves on mountain roads require:","Reduced speed","Increased speed","No adjustment","Ignoring signs","A","Reduced speed ensures safe navigation of curves."
"239","5","8","Mountain driving hazards include:","Steep grades","Sharp curves","Limited visibility","All of the above","D","Mountain roads present multiple hazards requiring caution."
"240","5","8","Safe mountain driving requires:","Anticipation and control","Aggression","Ignoring hazards","High speed","A","Drivers must anticipate hazards and maintain control on mountain roads."
"241","5","9","Gravel roads reduce:","Traction","Fuel use","Traffic laws","Vehicle wear","A","Gravel roads reduce traction, requiring slower speeds and caution."
"242","5","9","Dust from gravel roads can:","Reduce visibility","Improve traction","Increase fuel use","Have no effect","A","Dust clouds reduce visibility, requiring slower speeds."
"243","5","9","Stopping distance on gravel roads is:","Longer","Shorter","Same as pavement","No effect","A","Gravel surfaces increase stopping distance compared to paved roads."
"244","5","9","Drivers should:","Slow down","Drive faster","Ignore conditions","Tailgate","A","Slower speeds improve safety on gravel roads."
"245","5","9","Gravel road hazards include:","Loose surfaces","Dust","Reduced traction","All of the above","D","Gravel roads present multiple hazards requiring caution."
"246","5","10","Driving near waterways requires:","Reduced speed","Ignoring hazards","High speed","No adjustments","A","Drivers should reduce speed near waterways due to narrow roads and flooding risks."
"247","5","10","Flooded roads require:","Avoiding entry","Driving faster","Ignoring water","Parking","A","Drivers must avoid flooded roads to prevent vehicle damage and danger."
"248","5","10","Waterway driving hazards include:","Narrow roads","Flooding","Limited visibility","All of the above","D","Driving near waterways presents multiple hazards requiring caution."
"249","5","10","Drivers should remain:","Alert","Distracted","Aggressive","Unaware","A","Alertness ensures safety near waterways."
"250","5","10","Driving near waterways is risky because:","Flooding and narrow roads","Better traction","Improved visibility","No hazards","A","Waterways often have narrow roads and flooding risks, requiring reduced speed and heightened awareness."
"251","6","1","Dashboard indicators alert drivers to:","Entertainment options","Vehicle conditions","Traffic laws","Weather forecasts","B","Dashboard indicators provide warnings about vehicle systems such as oil, brakes, and engine issues."
"252","6","1","A red oil pressure light means:","Low oil pressure","High fuel efficiency","Seatbelt not fastened","Door open","A","The red oil pressure light warns of low oil pressure, requiring immediate attention."
"253","6","1","ABS warning light indicates:","Brake system issue","Fuel efficiency","Headlight problem","Tire pressure","A","The ABS light signals a problem with the anti-lock braking system."
"254","6","1","Drivers should respond to dashboard warnings by:","Ignoring them","Checking vehicle systems","Driving faster","Turning off lights","B","Dashboard warnings require prompt checks to prevent breakdowns."
"255","6","1","Ignoring dashboard indicators can lead to:","Improved performance","Breakdowns and accidents","Better fuel use","No effect","B","Ignoring indicators can cause mechanical failures and unsafe driving conditions."
"256","6","2","Engines generate power by:","Burning fuel","Using electricity only","Driver effort","Wind power","A","Engines generate power through combustion of fuel, converting energy into motion."
"257","6","2","Regular engine maintenance includes:","Oil changes","Ignoring problems","Driving faster","Fueling only","A","Oil changes are essential for engine health and performance."
"258","6","2","Overheating engines require:","Immediate stop","Driving faster","Ignoring temperature","Adding fuel","A","Drivers must stop immediately if the engine overheats to prevent damage."
"259","6","2","Engine warning lights indicate:","Potential problems","Improved performance","Fuel efficiency","No issues","A","Warning lights alert drivers to potential engine problems requiring attention."
"260","6","2","Engine basics help drivers:","Identify problems early","Ignore issues","Drive faster","Skip maintenance","A","Understanding engine basics helps drivers recognize issues before they worsen."
"261","6","3","Proper tire pressure ensures:","Traction and safety","Fuel waste","Better entertainment","No effect","A","Correct tire pressure improves traction, safety, and fuel efficiency."
"262","6","3","Tread depth affects:","Traction","Music quality","Driver comfort","Fuel type","A","Adequate tread depth ensures traction and prevents skidding."
"263","6","3","Rotating tires helps:","Even wear","Fuel waste","Entertainment","No effect","A","Rotating tires ensures even wear and longer tire life."
"264","6","3","Underinflated tires cause:","Poor fuel efficiency","Better traction","Improved braking","No issues","A","Underinflated tires reduce fuel efficiency and increase wear."
"265","6","3","Drivers should check tires:","Regularly","Never","Only before long trips","Only in winter","A","Regular checks ensure tires remain safe and effective."
"266","6","4","Brakes are essential for:","Stopping safely","Fuel use","Entertainment","Parking only","A","Brakes ensure safe stopping and vehicle control."
"267","6","4","Suspension systems provide:","Comfort and stability","Fuel efficiency","Entertainment","No effect","A","Suspension systems improve comfort and stability while driving."
"268","6","4","Signs of brake wear include:","Squealing sounds","Improved fuel use","Better traction","No signs","A","Squealing brakes indicate wear and need for maintenance."
"269","6","4","Failing suspension can cause:","Poor handling","Better comfort","Improved braking","No effect","A","Suspension issues reduce handling and safety."
"270","6","4","Brake maintenance prevents:","Collisions","Fuel waste","Entertainment","No effect","A","Proper brake maintenance prevents collisions and ensures safety."
"271","6","5","Headlights provide:","Visibility","Fuel efficiency","Entertainment","No effect","A","Headlights improve visibility and safety, especially at night."
"272","6","5","Brake lights signal:","Stopping","Acceleration","Entertainment","Fuel use","A","Brake lights warn other drivers that the vehicle is slowing or stopping."
"273","6","5","Turn signals communicate:","Driver intentions","Fuel use","Music choice","No effect","A","Turn signals inform others of lane changes or turns."
"274","6","5","Electrical systems power:","Safety features","Fuel use","Entertainment only","No systems","A","Electrical systems power lights, safety features, and accessories."
"275","6","5","Drivers should check lights:","Regularly","Never","Only in winter","Only before exams","A","Regular checks ensure lights function properly for safety."
"276","6","6","Vehicles require fluids such as:","Oil, coolant, brake fluid","Music tracks","Fuel only","Air only","A","Vehicles need oil, coolant, and brake fluid for safe operation."
"277","6","6","Low coolant can cause:","Engine overheating","Better fuel use","Improved braking","No effect","A","Coolant prevents overheating; low levels can damage the engine."
"278","6","6","Brake fluid is essential for:","Stopping power","Fuel use","Entertainment","No effect","A","Brake fluid ensures hydraulic braking systems function properly."
"279","6","6","Safe refueling includes:","Turning off engine","Smoking nearby","Leaving car running","Ignoring safety","A","Drivers must turn off the engine and avoid sparks when refueling."
"280","6","6","Checking fluid levels:","Prevents breakdowns","Improves entertainment","No effect","Optional only","A","Regular fluid checks prevent breakdowns and ensure safety."
"281","6","7","Pre-trip checks include:","Mirrors, tires, lights","Music system","Fuel type","Entertainment","A","Drivers should check mirrors, tires, and lights before driving."
"282","6","7","Checking mirrors ensures:","Visibility","Fuel use","Entertainment","No effect","A","Mirror checks improve visibility and reduce blind spots."
"283","6","7","Tire checks prevent:","Blowouts","Fuel use","Entertainment","No effect","A","Tire checks prevent blowouts and ensure safety."
"284","6","7","Light checks ensure:","Visibility","Fuel use","Entertainment","No effect","A","Light checks ensure visibility and communication with other drivers."
"285","6","7","Pre-trip inspections:","Prevent accidents","Improve entertainment","No effect","Optional only","A","Pre-trip inspections prevent accidents and improve safety."
"286","6","8","Preventive maintenance includes:","Regular servicing","Ignoring problems","Driving faster","No checks","A","Preventive maintenance includes regular servicing to avoid breakdowns."
"287","6","8","Oil changes should be done:","Regularly","Never","Only before exams","Only in winter","A","Regular oil changes keep the engine running smoothly."
"288","6","8","Preventive maintenance benefits:","Vehicle life and safety","Fuel waste","Entertainment","No effect","A","Preventive maintenance extends vehicle life and ensures safety."
"289","6","8","Ignoring preventive maintenance leads to:","Breakdowns","Improved performance","Better fuel use","No effect","A","Ignoring maintenance causes breakdowns and unsafe conditions."
"290","6","8","Preventive maintenance schedules are:","Important","Optional","Unnecessary","Illegal","A","Following schedules ensures vehicles remain safe and reliable."
"291","6","9","Breakdowns require:","Moving vehicle out of traffic","Driving faster","Ignoring hazards","Parking in lane","A","Drivers should move vehicles out of traffic and activate hazard lights during breakdowns."
"292","6","9","Roadside assistance provides:","Help during breakdowns","Fuel efficiency","Entertainment","No effect","A","Roadside assistance helps drivers during breakdowns or emergencies."
"293","6","9","Emergency supplies include:","Flashlight and jumper cables","Music system","Snacks only","None","A","Emergency kits should include flashlights, jumper cables, and reflective vests."
"294","6","9","Drivers should call:","Roadside assistance","Friends only","Ignore breakdown","Police always","A","Roadside assistance should be contacted for help during breakdowns."
"295","6","9","Preparation for breakdowns reduces:","Stress and danger","Fuel use","Entertainment","No effect","A","Preparation reduces stress and ensures safety during breakdowns."
"296","6","10","Eco-driving focuses on:","Reducing fuel use and emissions","Driving faster","Ignoring conditions","Entertainment","A","Eco-driving reduces fuel consumption and emissions, benefiting drivers and the environment."
"297","6","10","Smooth acceleration improves:","Fuel efficiency","Entertainment","Traffic laws","No effect","A","Smooth acceleration improves fuel efficiency and reduces emissions."
"298","6","10","Avoiding idling helps:","Save fuel","Increase emissions","Improve entertainment","No effect","A","Avoiding unnecessary idling saves fuel and reduces emissions."
"299","6","10","Proper tire inflation improves:","Fuel efficiency","Entertainment","Music quality","No effect","A","Correct tire inflation improves fuel efficiency and reduces wear."
"300","6","10","Eco-driving benefits:","Environment and driver’s wallet","Entertainment","Traffic congestion","No one","A","Eco-driving reduces emissions and saves money, making it responsible and practical."