"Section Number","Part Number","Section Title","Part Title","Teaching Notes"
"1","1","Traffic Signs & Signals","Regulatory Signs","Regulatory signs are legally enforceable instructions that drivers must obey. They include stop signs, yield signs, speed limit postings, and “Do Not Enter” markers. These signs maintain order and safety on Ontario roads. Failure to follow them can result in fines, demerit points, or collisions. Learners should focus on shape and color conventions: red for prohibitions, white rectangles for rules, and octagons exclusively for stop signs. Quick recognition is critical during real driving situations and on the G1 knowledge test."
"1","2","Traffic Signs & Signals","Warning Signs","Warning signs alert drivers to hazards or changes in road conditions ahead. They are usually yellow and diamond-shaped, covering curves, intersections, pedestrian crossings, or slippery roads. These signs don’t impose rules but prepare drivers to adjust speed or behavior. Recognizing them early helps prevent accidents. Learners should practice identifying common warning signs and understand how they signal the need for caution."
"1","3","Traffic Signs & Signals","Information & Directional Signs","Information and directional signs provide guidance, such as route markers, highway exits, or service locations. They are typically green or blue. Learners should understand how to use them for navigation without distraction. These signs help drivers plan routes, locate services, and maintain safe travel. Recognizing them quickly ensures smoother journeys and reduces confusion."
"1","4","Traffic Signs & Signals","Traffic Lights & Signals","Traffic lights and signals regulate the flow of vehicles and pedestrians. Learners must know the meanings of red, yellow, and green lights, flashing signals, and arrows. Right-of-way rules at signals are essential, as is understanding how to respond to flashing amber or red. Proper knowledge prevents collisions and ensures compliance with Ontario traffic laws."
"1","5","Traffic Signs & Signals","Right-of-Way Rules","Right-of-way rules explain who proceeds first at intersections, pedestrian crossings, and when merging. Learners must understand both legal obligations and the importance of courtesy. Misjudging right-of-way can lead to collisions or fines. Practice scenarios help reinforce these rules, ensuring safer interactions with other road users."
"1","6","Traffic Signs & Signals","Lane Usage & Markings","Lane markings guide drivers on proper positioning and movement. Solid lines, dashed lines, and arrows indicate when passing is allowed, where turns are required, and how traffic flows. Learners should study these markings carefully, as they are critical for safe lane changes and intersection navigation."
"1","7","Traffic Signs & Signals","Speed Limits & Variations","Speed limit signs set maximum speeds for different road types. Learners must understand default limits in Ontario (e.g., 50 km/h in cities, 80 km/h on rural roads) and how conditions may require slower speeds. Speeding increases collision risk and carries penalties. Adjusting speed for weather or traffic is equally important."
"1","8","Traffic Signs & Signals","School Zones & Crosswalks","School zones and crosswalks require extra caution. Reduced speed limits protect children, and drivers must yield to pedestrians. Learners should recognize signage and flashing lights that mark these areas. Awareness and compliance are critical for safety and avoiding severe penalties."
"1","9","Traffic Signs & Signals","Railway Crossings","Railway crossings demand vigilance. Learners must know how to respond to flashing lights, gates, and warning signs. Stopping at least five meters from tracks when signals are active is mandatory. Understanding these rules prevents catastrophic accidents."
"1","10","Traffic Signs & Signals","Roundabouts & Intersections","Roundabouts and intersections require clear knowledge of entry, exit, and yielding rules. Learners should understand how to signal properly, choose the correct lane, and give way to vehicles already in the roundabout. Mastery of these rules ensures smooth traffic flow and reduces collision risks."
"2","1","Vehicle Operation","Starting & Stopping Procedures","Starting and stopping procedures are fundamental to safe driving. Learners must know how to start the vehicle smoothly, check mirrors, and signal intentions. Stopping requires proper braking technique, awareness of following traffic, and positioning the vehicle safely. Practicing these basics builds confidence and ensures compliance with Ontario’s road safety standards."
"2","2","Vehicle Operation","Steering Control","Steering control is essential for maintaining lane discipline and handling curves. Learners should practice hand-over-hand and push-pull techniques, keeping both hands on the wheel. Proper steering ensures smoother turns, better vehicle stability, and reduced collision risk. Mastery of steering builds confidence in varied driving environments."
"2","3","Vehicle Operation","Acceleration & Braking","Acceleration and braking must be smooth and controlled. Learners should avoid sudden movements that can cause skidding or loss of control. Understanding how to modulate pressure on the pedals ensures safety and passenger comfort. Practice helps drivers anticipate traffic flow and respond appropriately."
"2","4","Vehicle Operation","Parking Rules","Parking rules cover parallel, angle, and perpendicular parking. Learners must know how to position the vehicle within lines, avoid blocking driveways, and comply with signage. Proper parking prevents fines and ensures safety for pedestrians and other vehicles. Practice builds confidence in tight spaces."
"2","5","Vehicle Operation","Highway Driving","Highway driving requires maintaining speed, safe following distances, and awareness of merging traffic. Learners should understand lane discipline, use of mirrors, and signaling. Ontario highways demand vigilance, as speeds are higher and traffic is denser. Mastery of highway driving prepares learners for advanced licensing stages."
"2","6","Vehicle Operation","Passing & Overtaking","Passing and overtaking must be done safely and legally. Learners should know when passing is permitted, how to signal, and how to judge distances. Unsafe passing is a major cause of collisions. Practicing proper technique ensures compliance with Ontario laws and enhances road safety."
"2","7","Vehicle Operation","Reversing & Three-Point Turns","Reversing and three-point turns require precision and awareness. Learners must check mirrors, blind spots, and surroundings before maneuvering. These skills are tested during licensing exams and are essential for navigating tight spaces. Practicing them builds confidence and reduces risk."
"2","8","Vehicle Operation","Emergency Maneuvers","Emergency maneuvers include sudden stops, swerves, and evasive actions. Learners must understand how to maintain control during unexpected hazards. Practicing these maneuvers in safe environments prepares drivers for real-world emergencies and reduces collision risks."
"2","9","Vehicle Operation","Driving in Adverse Conditions","Driving in rain, snow, fog, or ice requires adjustments in speed, braking, and visibility. Learners must understand how to use headlights, maintain traction, and increase following distances. Mastery of these skills ensures safety in Ontario’s varied weather conditions."
"2","10","Vehicle Operation","Sharing the Road with Cyclists & Pedestrians","Ontario law requires drivers to share the road safely with cyclists and pedestrians. Learners must know how to yield, maintain safe distances, and anticipate unpredictable movements. Respecting vulnerable road users reduces collisions and promotes safer communities."
"3","1","Safety & Responsibility","Seatbelts & Child Restraints","Seatbelts and child restraints are the most effective safety devices in a vehicle. Learners must understand Ontario’s laws requiring all passengers to wear seatbelts and children to be secured in age‑appropriate car seats or booster seats. Proper use reduces injury risk in collisions. Drivers are legally responsible for ensuring passengers under 16 are buckled. Teaching children safe habits early builds lifelong awareness of road safety."
"3","2","Safety & Responsibility","Distracted Driving","Distracted driving includes using phones, eating, or adjusting controls while driving. Ontario law prohibits handheld device use, with penalties including fines and demerit points. Learners should understand that even brief distractions can cause accidents. Developing habits like setting GPS before departure and keeping eyes on the road ensures safer driving."
"3","3","Safety & Responsibility","Impaired Driving","Impaired driving refers to operating a vehicle under the influence of alcohol, drugs, or medication. Ontario enforces strict penalties, including license suspension, fines, and criminal charges. Learners must understand that impairment reduces reaction time and judgment. Safe alternatives include designated drivers or public transit. Zero tolerance applies to novice drivers."
"3","4","Safety & Responsibility","Fatigue & Alertness","Fatigue impairs reaction time and decision‑making similar to alcohol. Learners should recognize signs of drowsiness, such as drifting lanes or heavy eyelids. Ontario drivers are encouraged to rest every two hours on long trips. Adequate sleep and planning prevent fatigue‑related collisions."
"3","5","Safety & Responsibility","Defensive Driving","Defensive driving means anticipating hazards and preparing for others’ mistakes. Learners should maintain safe following distances, scan surroundings, and avoid aggressive maneuvers. This mindset reduces collisions and improves confidence. Ontario emphasizes defensive driving as a lifelong skill."
"3","6","Safety & Responsibility","Emergency Vehicles","Drivers must yield to emergency vehicles with flashing lights or sirens. Learners should know how to pull over safely and avoid blocking intersections. Failing to yield carries fines and demerit points. Respecting emergency responders ensures faster aid and safer roads."
"3","7","Safety & Responsibility","Road Rage & Courtesy","Road rage leads to aggressive driving and collisions. Learners should practice patience, avoid confrontations, and use courtesy gestures like signaling. Ontario law penalizes aggressive driving. Courtesy improves traffic flow and reduces stress."
"3","8","Safety & Responsibility","Vehicle Safety Equipment","Safety equipment includes airbags, anti‑lock brakes, and traction control. Learners should understand how these systems work and their limitations. Regular maintenance ensures proper function. Knowledge of safety features builds confidence and reduces risk."
"3","9","Safety & Responsibility","Collision Procedures","After a collision, Ontario law requires drivers to stop, exchange information, and report to police if damage exceeds thresholds or injuries occur. Learners must know how to remain calm, assist injured parties, and contact insurance. Proper procedures protect legal rights and safety."
"3","10","Safety & Responsibility","Insurance & Liability","Ontario requires all vehicles to carry insurance. Learners should understand coverage types, liability rules, and consequences of driving uninsured. Insurance protects drivers financially and legally. Awareness of policies ensures compliance and security."
"4","1","Licensing & Legal Requirements","Graduated Licensing System","Ontario’s G1, G2, and full G licensing system helps new drivers gain experience safely. Learners must understand restrictions at each stage, such as supervision for G1 and zero alcohol tolerance. Progression requires passing tests and maintaining safe driving records."
"4","2","Licensing & Legal Requirements","License Renewal & Suspension","Drivers must renew licenses regularly and may face suspension for violations. Learners should understand renewal timelines, medical requirements, and suspension triggers. Compliance ensures legal driving privileges."
"4","3","Licensing & Legal Requirements","Demerit Points System","Ontario uses demerit points to track violations. Accumulating points can lead to warnings, interviews, or suspension. Learners should understand how points are assigned and how to avoid them by following rules."
"4","4","Licensing & Legal Requirements","Fines & Penalties","Traffic violations carry fines and penalties. Learners must know common infractions, such as speeding or failing to yield, and their consequences. Awareness discourages risky behavior."
"4","5","Licensing & Legal Requirements","Vehicle Registration","All vehicles must be registered with valid plates and stickers. Learners should understand renewal requirements and penalties for expired registration. Proper registration ensures compliance and identification."
"4","6","Licensing & Legal Requirements","Vehicle Inspection & Safety Standards","Ontario enforces safety standards through inspections. Learners should know when inspections are required, such as vehicle transfers. Compliance ensures roadworthiness and reduces accidents."
"4","7","Licensing & Legal Requirements","Driving Records","Driving records track history of violations and suspensions. Learners should understand how records affect insurance and employment. Maintaining a clean record benefits drivers long‑term."
"4","8","Licensing & Legal Requirements","Commercial Vehicle Rules","Commercial drivers face stricter rules, including logbooks and inspections. Learners should understand these requirements even if not pursuing commercial licenses, as they affect road safety."
"4","9","Licensing & Legal Requirements","International Driving Permits","Ontario residents traveling abroad may need international permits. Learners should understand how to obtain them and their limitations. Awareness ensures legal driving internationally."
"4","10","Licensing & Legal Requirements","Legal Responsibilities of Drivers","Drivers must obey laws, respect others, and maintain vehicles. Learners should understand responsibilities extend beyond personal safety to community well‑being. Compliance builds trust and safety."
"5","1","Road Environments","Urban Driving","Urban driving involves heavy traffic, pedestrians, and frequent stops. Learners must practice patience, scanning, and defensive driving. Awareness of cyclists and transit vehicles is critical."
"5","2","Road Environments","Rural Driving","Rural roads may lack lighting and have higher speeds. Learners should watch for wildlife, farm equipment, and uneven surfaces. Adjusting speed and vigilance ensures safety."
"5","3","Road Environments","Highway Driving","Highway driving requires lane discipline, merging skills, and maintaining speed. Learners should practice safe following distances and proper signaling. Awareness of exits and signage ensures smoother travel."
"5","4","Road Environments","Night Driving","Night driving reduces visibility. Learners must use headlights properly, avoid glare, and increase following distances. Fatigue is also a risk. Preparation ensures safety."
"5","5","Road Environments","Winter Driving","Ontario winters demand caution. Learners should understand snow tire use, braking on ice, and reduced speed. Preparation prevents collisions."
"5","6","Road Environments","Rain & Fog Conditions","Rain and fog reduce visibility and traction. Learners must use headlights, slow down, and maintain safe distances. Awareness prevents hydroplaning and collisions."
"5","7","Road Environments","Construction Zones","Construction zones require reduced speed and heightened awareness. Learners must obey signage and workers’ directions. Fines are higher in these areas. Safety protects workers and drivers."
"5","8","Road Environments","Mountain & Hilly Roads","Ontario’s hilly regions require careful braking and gear use. Learners should practice controlling speed downhill and anticipating curves. Awareness prevents accidents."
"5","9","Road Environments","Gravel & Unpaved Roads","Gravel roads reduce traction and increase stopping distances. Learners must slow down and maintain control. Awareness of dust and loose surfaces ensures safety."
"5","10","Road Environments","Driving Near Waterways","Driving near waterways requires caution due to narrow roads and potential flooding. Learners should reduce speed and remain alert. Awareness ensures safe passage."
"6","1","Vehicle Knowledge & Maintenance","Dashboard Indicators","Dashboard indicators alert drivers to vehicle conditions. Learners must recognize symbols for oil, brakes, and engine issues. Responding promptly prevents breakdowns."
"6","2","Vehicle Knowledge & Maintenance","Engine Basics","Understanding engine basics helps drivers identify problems. Learners should know how engines generate power and the importance of maintenance. Awareness prevents costly repairs."
"6","3","Vehicle Knowledge & Maintenance","Tires & Wheels","Tires affect traction and safety. Learners must understand tire pressure, tread depth, and rotation. Proper care prevents blowouts and improves fuel efficiency."
"6","4","Vehicle Knowledge & Maintenance","Brakes & Suspension","Brakes and suspension ensure control and comfort. Learners should recognize signs of wear, such as squealing brakes. Maintenance ensures safety."
"6","5","Vehicle Knowledge & Maintenance","Lights & Electrical Systems","Lights provide visibility and communication. Learners must check headlights, brake lights, and signals regularly. Electrical systems also power safety features. Awareness ensures compliance."
"6","6","Vehicle Knowledge & Maintenance","Fluids & Refueling","Vehicles require fluids like oil, coolant, and brake fluid. Learners must check levels regularly. Safe refueling practices prevent hazards. Maintenance ensures reliability."
"6","7","Vehicle Knowledge & Maintenance","Vehicle Checks Before Driving","Pre‑trip checks include mirrors, tires, and lights. Learners should develop habits of inspection before driving. Awareness prevents accidents and breakdowns."
"6","8","Vehicle Knowledge & Maintenance","Preventive Maintenance","Preventive maintenance includes regular servicing, oil changes, and inspections. Learners must understand schedules and benefits. Maintenance extends vehicle life and ensures safety."
"6","9","Vehicle Knowledge & Maintenance","Breakdowns & Roadside Assistance","Breakdowns can happen unexpectedly, and drivers must know how to respond safely. Learners should understand how to move the vehicle out of traffic, activate hazard lights, and call for roadside assistance. Carrying emergency supplies such as a flashlight, jumper cables, and a reflective vest is recommended. Ontario drivers should also know how to contact towing services and when to report incidents. Preparation reduces stress and ensures safety during mechanical failures."
"6","10","Vehicle Knowledge & Maintenance","Eco-Driving & Fuel Efficiency","Eco-driving focuses on reducing fuel consumption and emissions. Learners should practice smooth acceleration, maintaining steady speeds, and avoiding unnecessary idling. Proper tire inflation and regular maintenance improve efficiency. Planning routes to minimize congestion also saves fuel. Eco-driving benefits both the environment and the driver’s wallet, making it a responsible and practical habit for Ontario motorists."