"","Descriptor","Value"
"1","Title","CIX Exam for Pilots"
"2","Versions","1.1"
"3","ExportName","Pilot"
"4","ExtractorName","PilotData"
"5","Passing","80"
"6","ReleaseDate","""Jan 1, 2026"""
"7","Description","""This comprehensive examination platform has been designed to test your knowledge of Radio Telephony (RT) procedures and Air Traffic Control communications essential for VFR operations on VATSIM. Based on Neville Munro’s practical training materials, the system contains 300 questions across 6 sections covering everything from basic voice procedures and circuit operations to zone transits, emergency procedures, and communications with various air traffic services."""