ID: Question number,Section,Part,Question,Option 1,Option 2,Option 3,Option 4,,
1,1,1,"With 13 HCP and a 5‑card spade suit, what is the correct opening bid?",1♠,1NT,Pass,2♣,,
2,1,1,"With 13 HCP balanced and ♠KJx ♥Kxx ♦Qxx ♣Axxx, what is the correct opening bid?",1NT,1♣,Pass,2NT,,
3,1,1,"With 20 HCP balanced, what is the correct opening bid?",2NT,1NT,2♣,Pass,,
4,1,1,"With 22 HCP balanced, what is the correct opening bid?",2♣,2NT,1NT,Pass,,
5,1,1,"With 15 HCP balanced and ♠KQxx ♥Axx ♦Axx ♣Qxx, what is the correct opening bid?",1NT,1♠,1♥,Pass,,
6,1,2,"With 11 HCP and ♠KQJxx ♥Kx ♦Qxx ♣xxx, what should you do?",Open 1♠,Pass,Preempt 2♠,1NT,,
7,1,2,"With 12 HCP and ♠AQxxx ♥Kxx ♦Qxx ♣Jx, what is the correct opening bid?",Pass,1NT,1♠,2♣,,
8,1,2,"With 13 HCP balanced and ♠KJx ♥Kxx ♦Qxx ♣Axxx, what is the correct opening bid?",1♣,1NT,Pass,2NT,,
9,1,2,"With 14 HCP and ♠AQJxx ♥Kxx ♦Jxx ♣Kx, what is the correct opening bid?",2♣,1NT,Pass,1♠,,
10,1,2,"With 11 HCP and ♠KQJxx ♥Kx ♦Qxx ♣xxx, what is the correct opening bid?",1♠,Pass,2♠,1NT,,
11,1,3,"With 15 HCP balanced and ♠KQxx ♥Axx ♦Axx ♣Qxx, what is your opening bid?",1NT,1♠,1♥,Pass,,
12,1,3,"With 22 HCP balanced, what is the correct opening bid?",2♣,2NT,1NT,Pass,,
13,1,3,"With 14 HCP balanced and ♠AQx ♥Kxx ♦Qxx ♣Kxxx, what is your opening bid?",1NT,1♣,Pass,2NT,,
14,1,3,"With 20 HCP balanced and ♠AQx ♥AQx ♦KQx ♣K10x, what is your opening bid?",2NT,1NT,2♣,Pass,,
15,1,3,"With 18 HCP balanced and ♠AKx ♥AQx ♦Qxx ♣Kxxx, what is your opening bid?",1♣,1NT,2NT,Pass,,
16,1,4,Partner opens 1NT (15–17). You have 10 HCP balanced. What is your bid?,3NT,2NT,Pass,1NT,,
17,1,4,Partner opens 1NT. You have 4 HCP. Your bid?,Pass,2NT,3NT,1♥,,
18,1,4,"With 18 HCP balanced and corrected hand ♠KQx ♥Kxx ♦KQx ♣KQxx (actual 18 HCP), what is your opening bid?",1NT,1♣,2NT,Pass,,
19,1,4,"With corrected 15 HCP and ♠KQxx ♥KQx ♦Kxx ♣Qxx, what is your opening bid?",1NT,1♣,Pass,2NT,,
20,1,4,Partner opens 1NT. You have 8 HCP with a 5-card major. Bid?,2♥,3NT,Pass,2♣,,
21,1,5,"With 13 HCP balanced and ♠KQx ♥Kxx ♦Kxx ♣Qxxx, what is your opening bid?",1♣,1NT,Pass,1♦,,
22,1,5,"With 13 HCP unbalanced and ♠KQx ♥Kxx ♦KQxx ♣xxx, what is your opening bid?",1♦,1NT,1♥,Pass,,
23,1,5,You have 6 HCP and a 6-card suit. What should you do?,Preempt 2-level,Open 1 of suit,Pass,3NT,,
24,1,5,"With 13 HCP and ♠KQx ♥Kxx ♦Qxx ♣Kxxx, what is your opening bid?",1♣,1NT,1♦,Pass,,
25,1,5,"With 13 HCP and ♠KQxx ♥Kxx ♦Kxx ♣Qxx, what is your opening bid?",1NT,1♣,1♦,Pass,,
26,1,6,"With 12 HCP holding one honor per suit (constructed), what do you open?",1♣,Pass,1♦,1NT,,
27,1,6,"With 12 HCP and flat honors, what is your opening?",1NT,1♣,Pass,1♦,,
28,1,6,"With 12 HCP and one honor in each suit, how do you open?",1♣,1NT,Pass,1♥,,
29,1,6,You have 12 HCP balanced. What do you open?,1NT,1♣,Pass,1♦,,
30,1,6,12 HCP balanced. Correct opening?,1NT,Pass,1♦,1♥,,
31,1,7,You have 7 HCP with a 6-card major. What do you do?,2♥,Pass,1♥,3♥,,
32,1,7,You have 7 HCP and a 6-card major. Your action?,2♠,1♠,Pass,3♠,,
33,1,7,You have 7 HCP and a long major. What is your bid?,2♥,Pass,1♥,3♥,,
34,1,7,You have 7 HCP and 6 hearts. Action?,2♥,1♥,Pass,3♥,,
35,1,7,You have 7 HCP and 6 spades. What do you do?,2♠,1♠,Pass,3♠,,
36,1,8,You have 7 HCP with a long major. Bid?,2♠,Pass,1♠,3♠,,
37,1,8,"7 HCP, 6-card major. Bid?",2♥,1♥,Pass,3♥,,
38,1,8,7 HCP 6-card spade suit. Opening?,2♠,1♠,Pass,3♠,,
39,1,8,7 HCP and 6-card heart suit. Opening bid?,2♥,1♥,Pass,3♥,,
40,1,8,7 HCP and 6 spades. What’s your opening?,2♠,1♠,Pass,3♠,,
41,1,9,7 HCP and long major. Bid?,2♥,1♥,Pass,3♥,,
42,1,9,7 HCP with 6 spades. Opening?,2♠,1♠,Pass,3♠,,
43,1,9,7 HCP with 6 hearts. Opening bid?,2♥,1♥,Pass,3♥,,
44,1,9,"With 13 HCP and ♠KQx ♥Kxxx ♦Kxx ♣Qxx, what do you open?",1♣,1NT,1♦,Pass,,
45,1,9,Corrected 12 HCP hand: ♠KQxx ♥Kxx ♦Qxx ♣Qxx — what do you open?,1♣,Pass,1NT,1♦,,
46,1,10,Corrected 16 HCP balanced: ♠KQx ♥Kxx ♦Kxx ♣KQxx. What do you open?,1NT,1♣,Pass,2NT,,
47,1,10,Partner opens 1NT. You have 9 HCP and balanced hand. What is your bid?,2NT,3NT,Pass,1NT,,
48,1,10,Corrected 20 HCP balanced 13-card hand ♠AKxx ♥KQx ♦KQx ♣Kxx. What do you open?,2NT,2♣,1NT,Pass,,
49,1,10,Partner opens 1NT. You have 16 HCP. Your bid?,3NT,Pass,2NT,4NT,,
50,1,10,With 18 HCP hand ♠KQx ♥KQx ♦Kxx ♣KQxx. What is your opening bid?,1♣,1NT,2NT,Pass,,
51,2,1,Partner opens 1♠. You hold ♠Kxx ♥Qxx ♦Kxxx ♣Qxx (10 HCP). What is your response?,1NT,2♠,Pass,2NT,,
52,2,1,Partner opens 1♥. You hold ♠Kxx ♥Qxxx ♦Kxx ♣Qxx (10 HCP). What is your response?,2♥,1NT,2NT,Pass,,
53,2,1,Partner opens 1♠. You hold ♠Qxxx ♥Kxx ♦Qxx ♣Kxx (10 HCP). What is your response?,2♠,3♠,1NT,Pass,,
54,2,1,Partner opens 1♥. You hold ♠Kxx ♥Qxx ♦Kxxx ♣Qxx (10 HCP). What is your response?,2♥,3♥,2NT,1NT,,
55,2,1,Partner opens 1♠. You hold ♠KQxx ♥Qxx ♦Kxx ♣xxx (10 HCP). What is your response?,4♠,3♠,2♠,2NT,,
56,2,2,Partner opens 1♥. You hold ♠Kxx ♥Qxx ♦Kxx ♣Kxxx (11 HCP). What is your response?,1NT,2♥,Pass,2NT,,
57,2,2,Partner opens 1♠. You hold ♠Qxx ♥Kxx ♦Kxx ♣Kxxx (11 HCP). What is your response?,2♠,1NT,Pass,2NT,,
58,2,2,Partner opens 1♥. You hold ♠Kxx ♥Qxxx ♦Kxx ♣KJx (12 HCP). What is your response?,3♥,2♥,1NT,Pass,,
59,2,2,Partner opens 1♠. You hold ♠Kxxx ♥Qxx ♦Kxx ♣Kxx (11 HCP). What is your response?,1NT,2♠,3♠,Pass,,
60,2,2,Partner opens 1♥. You hold ♠Kxx ♥Qxx ♦Kxxx ♣Kxx (11 HCP). What is your response?,4♥,3♥,2♥,2NT,,
61,2,3,Partner opens 1♠. You hold ♠Kxxx ♥Qxx ♦Kxx ♣Jxx (9 HCP). What is your response?,1NT,2♠,Pass,2NT,,
62,2,3,Partner opens 1♥. You hold ♠Kxx ♥Qxxx ♦Kxx ♣Qxx (10 HCP). What is your response?,2♥,1NT,Pass,2NT,,
63,2,3,Partner opens 1♠. You hold ♠Qxxx ♥Kxx ♦Qxx ♣Jxx (8 HCP). What is your response?,2♠,3♠,1NT,Pass,,
64,2,3,Partner opens 1♥. You hold ♠Kxx ♥Qxx ♦Kxxx ♣Jxx (9 HCP). What is your response?,2♥,3♥,2NT,1NT,,
65,2,3,Partner opens 1♠. You hold ♠KQxx ♥Qxx ♦Kxx ♣xxx (10 HCP). What is your response?,4♠,3♠,2♠,2NT,,
66,2,4,Partner opens 1♥. You hold ♠Kxxx ♥Qxx ♦Kxx ♣Qxx (10 HCP). What is your response?,1NT,2♥,Pass,2NT,,
67,2,4,Partner opens 1♠. You hold ♠Qxxx ♥Kxx ♦Kxx ♣Qxx (10 HCP). What is your response?,2♠,1NT,Pass,2NT,,
68,2,4,Partner opens 1♥. You hold ♠Kxx ♥Qxxx ♦Kxx ♣Qxx (10 HCP). What is your response?,3♥,2♥,1NT,Pass,,
69,2,4,Partner opens 1♠. You hold ♠KQxx ♥Qxx ♦Kxx ♣xxx (10 HCP). What is your response?,3♠,2♠,1NT,Pass,,
70,2,4,Partner opens 1♥. You hold ♠Kxx ♥Qxx ♦KQxx ♣xxx (10 HCP). What is your response?,4♥,3♥,2♥,2NT,,
71,2,5,Partner opens 1♠. You hold ♠Kxxx ♥Qxx ♦Kxx ♣Qxx (10 HCP). What is your response?,1NT,2♠,Pass,2NT,,
72,2,5,Partner opens 1♥. You hold ♠Kxx ♥Qxxx ♦Kxx ♣Qxx (10 HCP). What is your response?,2♥,1NT,Pass,2NT,,
73,2,5,Partner opens 1♠. You hold ♠Qxxx ♥Kxx ♦Qxx ♣Qxx (9 HCP). What is your response?,2♠,3♠,1NT,Pass,,
74,2,5,Partner opens 1♥. You hold ♠Kxx ♥Qxx ♦Kxxx ♣Qxx (10 HCP). What is your response?,2♥,3♥,2NT,1NT,,
75,2,5,Partner opens 1♠. You hold ♠Kxxx ♥Qxx ♦Kxx ♣Qxx (10 HCP). What is your response?,3♠,3♠,2♠,2NT,,
76,2,6,Partner opens 1♥. You hold ♠Kxx ♥Qxx ♦Kxx ♣Qxxx (10 HCP). What is your response? ,1NT,2♥,Pass,2NT,,
77,2,6,Partner opens 1♠. You hold ♠Qxx ♥Kxx ♦Kxx ♣Qxxx (10 HCP). What is your response? ,2♠,1NT,Pass,2NT,,
78,2,6,Partner opens 1♠. You hold ♠KQxx ♥Qxx ♦Kxx ♣Qxx (12 HCP). What is your response? ,3♥,2♥,1NT,Pass,,
79,2,6,Partner opens 1♠. You hold ♠KQxx ♥Qxx ♦Kxx ♣xxx (10 HCP). What is your response?,3♠,2♠,1NT,Pass,,
80,2,6,Partner opens 1♥. You hold ♠Kxx ♥Qxx ♦KQxx ♣xxx (10 HCP). What is your response? ,4♥,3♥,2♥,2NT,,
81,2,7,Partner opens 1♠. You hold ♠Kxx ♥Qxx ♦Kxx ♣Qxxx (10 HCP). What is your response? ,1NT,2♠,Pass,2NT,,
82,2,7,Partner opens 1♥. You hold ♠Kxx ♥Qxxx ♦Kxx ♣Qxx (10 HCP). What is your response?,2♥,1NT,Pass,2NT,,
83,2,7,Partner opens 1♠. You hold ♠Qxxx ♥Kxx ♦Qxx ♣Qxx (9 HCP). What is your response?,2♠,3♠,1NT,Pass,,
84,2,7,Partner opens 1♥. You hold ♠Kxx ♥Qxx ♦KQxx ♣xxx (10 HCP). What is your response?,2♥,3♥,2NT,1NT,,
85,2,7,Partner opens 1♠. You hold ♠KQxx ♥Qxx ♦Kxx ♣xxx (10 HCP). What is your response? ,3♠,3♠,2♠,2NT,,
86,2,8,Partner opens 1♥. You hold ♠Kxx ♥Qxx ♦Kxx ♣Qxxx (10 HCP). What is your response? ,1NT,2♥,Pass,2NT,,
87,2,8,Partner opens 1♠. You hold ♠Qxx ♥Kxx ♦Kxx ♣Qxxx (10 HCP). What is your response? ,2♠,1NT,Pass,2NT,,
88,2,8,Partner opens 1♥. You hold ♠Kxx ♥Qxxx ♦Kxx ♣Qxx (10 HCP). What is your response?,3♥,2♥,1NT,Pass,,
89,2,8,Partner opens 1♠. You hold ♠KQxx ♥Qxx ♦Kxx ♣xxx (10 HCP). What is your response?,3♠,2♠,1NT,Pass,,
90,2,8,Partner opens 1♠. You hold ♠Kxx ♥Qxx ♦Kxx ♣Qxxx (10 HCP). What is your response? ,4♥,3♥,2♥,2NT,,
91,2,9,Partner opens 1♠. You hold ♠Kxx ♥Qxx ♦Kxx ♣Qxxx (10 HCP). What is your response? ,1NT,2♠,Pass,2NT,,
92,2,9,Partner opens 1♥. You hold ♠Kxx ♥Qxxx ♦Kxx ♣Qxx (10 HCP). What is your response?,2♥,1NT,Pass,2NT,,
93,2,9,Partner opens 1♠. You hold ♠Qxxx ♥Kxx ♦Qxx ♣Qxx (9 HCP). What is your response?,2♠,3♠,1NT,Pass,,
94,2,9,Partner opens 1♥. You hold ♠Kxx ♥Qxx ♦KQxx ♣xxx (10 HCP). What is your response?,2♥,3♥,2NT,1NT,,
95,2,9,Partner opens 1♠. You hold ♠KQxx ♥Qxx ♦Kxx ♣xxx (10 HCP). What is your response?,3♠,3♠,2♠,2NT,,
96,2,10,"After partner opens 1NT, what does a 2♦ response mean?",Pass,Natural diamond bid,Stayman,Transfer to hearts,,
97,2,10,"After partner opens 1NT, what does a 2♥ response mean?",Transfer to spades,Natural heart bid,Invite to 2NT,Pass,,
98,2,10,Why does responder use Jacoby Transfer instead of bidding their major directly over 1NT?,Keeps opener declarer,Shows stronger hand,Denies major support,Invites slam,,
99,2,10,Responder holds ♠KQJxx ♥xx ♦xx ♣xxxx and 6 HCP. Partner opens 1NT. What is the correct response? ,Pass,2♠,2NT,2♥,,
100,2,10,Responder holds ♠KQJxx ♥xx ♦Jxx ♣Kxx and 10 HCP. Partner opens 1NT. What is the correct response?,2♠,2♥ then 2NT,3♠,Pass,,
101,3,1,"Opener starts 1♠, responder bids 1NT. With ♠KQJxx ♥Axx ♦Kxx ♣xx (13 HCP), what is opener’s rebid?",2♠,Pass,2NT,3♠,,
102,3,1,"Opener starts 1♥, responder bids 1NT. With ♠xx ♥KQJxx ♦Kxx ♣QKx (14 HCP), what is opener’s rebid? ",2♥,Pass,2NT,3♥,,
103,3,1,"Opener starts 1♠, responder bids 2♠. With ♠AQxxx ♥Kxx ♦xx ♣JKx (13 HCP), what is opener’s rebid?",Pass,3♠,2NT,4♠,,
104,3,1,"Opener starts 1♠, responder bids 2♠. With ♠AKQxx ♥Kxx ♦Kxx ♣Kx (18 HCP), what is opener’s rebid? ",Pass,3♥,2NT,4♥,,
105,3,1,"Opener starts 1♠, responder bids 2♠. With ♠AKQxx ♥Kxx ♦Kxx ♣Kx (18 HCP), what is opener’s rebid? ",Pass,3♠,4♠,2NT,,
106,3,2,"Opener starts 1♥, responder bids 1NT. With ♠Kxx ♥KQJxx ♦Kxx ♣Kx (15 HCP), what is opener’s rebid? ",2♥,2NT,3♥,Pass,,
107,3,2,"Opener starts 1♠, responder bids 1NT. With ♠AQxxx ♥Kxx ♦Kxx ♣Kx (15 HCP), what is opener’s rebid? ",2♠,2NT,3♠,Pass,,
108,3,2,"Opener starts 1♥, responder bids 2♥. With ♠Kxx ♥AQxxx ♦Kxx ♣Kx (15 HCP), what is opener’s rebid? ",Pass,3♥,2NT,4♥,,
109,3,2,"Opener starts 1♠, responder bids 2♠. With ♠KQJxx ♥Kxx ♦Kxx ♣Kx (15 HCP), what is opener’s rebid? ",Pass,3♠,4♠,2NT,,
110,3,2,"Opener starts 1♥, responder bids 2♥. With ♠Kxx ♥AKQxx ♦Kxx ♣Kx (18 HCP), what is opener’s rebid? ",Pass,3♥,4♥,2NT,,
111,3,3,"Opener starts 1♠, responder bids 1NT. With ♠AQxxx ♥Kxx ♦Kxx ♣Qx (14 HCP), what is opener’s rebid? ",2♠,Pass,2NT,3♠,,
112,3,3,"Opener starts 1♥, responder bids 1NT. With ♠Kxx ♥KQJxx ♦Kxx ♣Qx (14 HCP), what is opener’s rebid?",2♥,Pass,2NT,3♥,,
113,3,3,"Opener starts 1♠, responder bids 2♠. With ♠AQxxx ♥Kxx ♦Kxx ♣Qx (14 HCP), what is opener’s rebid? ",Pass,3♠,2NT,4♠,,
114,3,3,"Opener starts 1♥, responder bids 2♥. With ♠Kxx ♥AQxxx ♦Kxx ♣Qx (14 HCP), what is opener’s rebid? ",Pass,3♥,2NT,4♥,,
115,3,3,"Opener starts 1♠, responder bids 2♠. With ♠AKQxx ♥Kxx ♦Kxx ♣Qx (17 HCP), what is opener’s rebid? ",Pass,3♠,4♠,2NT,,
116,3,4,"Opener starts 1♥, responder bids 1NT. With ♠Kxx ♥KQJxx ♦Kxx ♣Qx (14 HCP), what is opener’s rebid? ",2♥,2NT,3♥,Pass,,
117,3,4,"Opener starts 1♠, responder bids 1NT. With ♠AQxxx ♥Kxx ♦Kxx ♣Qx (14 HCP), what is opener’s rebid?",2♠,2NT,3♠,Pass,,
118,3,4,"Opener starts 1♥, responder bids 2♥. With ♠Kxx ♥AQxxx ♦Kxx ♣Qx (14 HCP), what is opener’s rebid? ",Pass,3♥,2NT,4♥,,
119,3,4,"Opener starts 1♠, responder bids 2♠. With ♠KQJxx ♥Kxx ♦Kxx ♣Qx (14 HCP), what is opener’s rebid?",Pass,3♠,4♠,2NT,,
120,3,4,"Opener starts 1♥, responder bids 2♥. With ♠Kxx ♥AKQxx ♦Kxx ♣Qx (17 HCP), what is opener’s rebid? ",Pass,3♥,4♥,2NT,,
121,3,5,"Opener starts 1♠, responder bids 1NT. With ♠AQxxx ♥Kxx ♦Kxx ♣Kx (15 HCP), what is opener’s rebid? ",2♠,Pass,2NT,3♠,,
122,3,5,"Opener starts 1♥, responder bids 1NT. With ♠Kxx ♥KQJxx ♦Kxx ♣Kx (15 HCP), what is opener’s rebid?",2♥,Pass,2NT,3♥,,
123,3,5,"Opener starts 1♠, responder bids 2♠. With ♠AQxxx ♥Kxx ♦Kxx ♣Kx (15 HCP), what is opener’s rebid? ",Pass,3♠,2NT,4♠,,
124,3,5,"Opener starts 1♥, responder bids 2♥. With ♠Kxx ♥AQxxx ♦Kxx ♣Kx (15 HCP), what is opener’s rebid?",Pass,3♥,2NT,4♥,,
125,3,5,"Opener starts 1♠, responder bids 2♠. With ♠AKQxx ♥Kxx ♦Kxx ♣Kx (18 HCP), what is opener’s rebid? ",Pass,3♠,4♠,2NT,,
126,3,6,"Opener starts 1♥, responder bids 1NT. With ♠Kxx ♥KQJxx ♦Kxx ♣Kx (15 HCP), what is opener’s rebid?",2♥,2NT,3♥,Pass,,
127,3,6,"Opener starts 1♠, responder bids 1NT. With ♠AQxxx ♥Kxx ♦Kxx ♣Kx (15 HCP), what is opener’s rebid? ",2♠,2NT,3♠,Pass,,
128,3,6,"Opener starts 1♥, responder bids 2♥. With ♠Kxx ♥AQxxx ♦Kxx ♣Kx (15 HCP), what is opener’s rebid?",Pass,3♥,2NT,4♥,,
129,3,6,"Opener starts 1♠, responder bids 2♠. With ♠KQJxx ♥Kxx ♦Kxx ♣Kx (15 HCP), what is opener’s rebid? ",Pass,3♠,4♠,2NT,,
130,3,6,"Opener starts 1♥, responder bids 2♥. With ♠Kxx ♥AKQxx ♦Kxx ♣Kx (18 HCP), what is opener’s rebid? ",Pass,3♥,4♥,2NT,,
131,3,7,"Opener starts 1♠, responder bids 1NT. With ♠AQxxx ♥Kxx ♦Kxx ♣Qx (14 HCP), what is opener’s rebid? ",2♠,Pass,2NT,3♠,,
132,3,7,"Opener starts 1♥, responder bids 1NT. With ♠Kxx ♥KQJxx ♦Kxx ♣Qx (14 HCP), what is opener’s rebid? ",2♥,Pass,2NT,3♥,,
133,3,7,"Opener starts 1♠, responder bids 2♠. With ♠AQxxx ♥Kxx ♦Kxx ♣Qx (14 HCP), what is opener’s rebid? ",Pass,3♠,2NT,4♠,,
134,3,7,"Opener starts 1♥, responder bids 2♥. With ♠Kxx ♥AQxxx ♦Kxx ♣Qx (14 HCP), what is opener’s rebid? ",Pass,3♥,2NT,4♥,,
135,3,7,"Opener starts 1♠, responder bids 2♠. With ♠AKQxx ♥Kxx ♦Kxx ♣Qx (17 HCP), what is opener’s rebid? ",Pass,3♠,4♠,2NT,,
136,3,8,"Opener starts 1♥, responder bids 1NT. With ♠Kxx ♥KQJxx ♦Kxx ♣Qx (14 HCP), what is opener’s rebid?",2♥,2NT,3♥,Pass,,
137,3,8,"Opener starts 1♠, responder bids 1NT. With ♠AQxxx ♥Kxx ♦Kxx ♣Qx (14 HCP), what is opener’s rebid? ",2♠,2NT,3♠,Pass,,
138,3,8,"Opener starts 1♥, responder bids 2♥. With ♠Kxx ♥AQxxx ♦Kxx ♣Qx (14 HCP), what is opener’s rebid? ",Pass,3♥,2NT,4♥,,
139,3,8,"Opener starts 1♥, responder bids 2♥. With ♠Kxx ♥AKQxx ♦Kxx ♣Qx (17 HCP), what is opener’s rebid?",Pass,3♠,4♠,2NT,,
140,3,8,"Opener starts 1♥, responder bids 2♥. With ♠Kxx ♥AKQxx ♦Kxx ♣Qx (17 HCP), what is opener’s rebid?",Pass,3♥,4♥,2NT,,
141,3,9,"Opener starts 1♠, responder bids 1NT. With ♠AQxxx ♥Kxx ♦Kxx ♣Kx (15 HCP), what is opener’s rebid? ",2♠,Pass,2NT,3♠,,
142,3,9,"Opener starts 1♥, responder bids 1NT. With ♠Kxx ♥KQJxx ♦Kxx ♣Kx (15 HCP), what is opener’s rebid?",2♥,Pass,2NT,3♥,,
143,3,9,"Opener starts 1♠, responder bids 2♠. With ♠AQxxx ♥Kxx ♦Kxx ♣Kx (15 HCP), what is opener’s rebid? ",Pass,3♠,2NT,4♠,,
144,3,9,"Opener starts 1♥, responder bids 2♥. With ♠Kxx ♥AQxxx ♦Kxx ♣Kx (15 HCP), what is opener’s rebid?",Pass,3♥,2NT,4♥,,
145,3,9,"Opener starts 1♠, responder bids 2♠. With ♠AKQxx ♥Kxx ♦Kxx ♣Kx (18 HCP), what is opener’s rebid?",Pass,3♠,4♠,2NT,,
146,3,10,"Opener starts 1♥, responder bids 1NT. With ♠Kxx ♥KQJxx ♦Kxx ♣Kx (15 HCP), what is opener’s rebid?",2♥,2NT,3♥,Pass,,
147,3,10,"Opener starts 1♠, responder bids 1NT. With ♠AQxxx ♥Kxx ♦Kxx ♣Kx (15 HCP), what is opener’s rebid?",2♠,2NT,3♠,Pass,,
148,3,10,"Opener starts 1♥, responder bids 2♥. With ♠Kxx ♥AQxxx ♦Kxx ♣Kx (15 HCP), what is opener’s rebid?",Pass,3♥,2NT,4♥,,
149,3,10,"Opener starts 1♠, responder bids 2♠. With ♠KQJxx ♥Kxx ♦Kxx ♣Kx (15 HCP), what is opener’s rebid?",Pass,3♠,4♠,2NT,,
150,3,10,"Opener starts 1♥, responder bids 2♥. With ♠Kxx ♥AKQxx ♦Kxx ♣Kx (18 HCP), what is opener’s rebid?",Pass,3♥,4♥,2NT,,
151,4,1,"Opener bids 1♠, responder 1NT, opener rebids 2♠. With ♠Kxx ♥Qxx ♦Kxx ♣Qxxx (10 HCP), what is responder’s rebid? ",Pass,3♠,2NT,4♠,,
152,4,1,"Opener bids 1♥, responder 1NT, opener rebids 2♥. With ♠Kxx ♥Qxxx ♦Kxx ♣Jxx (9 HCP), what is responder’s rebid?",Pass,3♥,2NT,4♥,,
153,4,1,"Opener bids 1♠, responder 2♠, opener rebids 3♠. With ♠Qxxx ♥Kxx ♦Qxx ♣JKx (11 HCP), what is responder’s rebid?",Pass,4♠,3NT,2NT,,
154,4,1,"Opener bids 1♥, responder 2♥, opener rebids 3♥. With ♠Kxx ♥Qxx ♦KQxx ♣Qxx (12 HCP), what is responder’s rebid?",Pass,4♥,3NT,2NT,,
155,4,1,"Opener bids 1♠, responder 2♠, opener rebids 4♠. With ♠KQxx ♥Qxx ♦Kxx ♣JQx (13 HCP), what is responder’s rebid?",Pass,5♠,4NT,Double,,
156,4,2,"Opener bids 1♥, responder 1NT, opener rebids 2NT. With ♠Kxx ♥Qxx ♦Kxx ♣Qxxx (10 HCP), what is responder’s rebid? ",Pass,3NT,2♥,2♠,,
157,4,2,"Opener bids 1♠, responder 1NT, opener rebids 2NT. With ♠Qxx ♥Kxx ♦Kxx ♣Qxxx (10 HCP), what is responder’s rebid? ",Pass,3NT,2♠,2♥,,
158,4,2,"Opener bids 1♥, responder 2♥, opener rebids 3♥. With ♠Kxx ♥Qxxx ♦Kxx ♣JQx (11 HCP), what is responder’s rebid?",Pass,4♥,3NT,2NT,,
159,4,2,"Opener bids 1♠, responder 2♠, opener rebids 3♠. With ♠KQxx ♥Qxx ♦Kxx ♣Qxx (12 HCP), what is responder’s rebid?",Pass,4♠,3NT,2NT,,
160,4,2,"Opener bids 1♥, responder 2♥, opener rebids 4♥. With ♠Kxx ♥Qxx ♦KQxx ♣JQx (13 HCP), what is responder’s rebid?",Pass,5♥,4NT,Double,,
161,4,3,"Opener bids 1♠, responder 1NT, opener rebids 2♠. With ♠Kxx ♥Qxx ♦xxx ♣Qxxx (7 HCP), what is responder’s rebid?",Pass,3♠,2NT,4♠,,
162,4,3,"Opener bids 1♥, responder 1NT, opener rebids 2♥. With ♠Kxx ♥Qxxx ♦Kxx ♣QJx (11 HCP), what is responder’s rebid?",Pass,3♥,2NT,4♥,,
163,4,3,"Opener bids 1♠, responder 2♠, opener rebids 3♠. With ♠Qxxx ♥Kxx ♦Qxx ♣KJx (11 HCP), what is responder’s rebid?",Pass,4♠,3NT,2NT,,
164,4,3,"Opener bids 1♥, responder 2♥, opener rebids 3♥. With ♠Kxx ♥Qxx ♦KQJx ♣Jxx (12 HCP), what is responder’s rebid?",Pass,4♥,3NT,2NT,,
165,4,3,"Opener bids 1♠, responder 2♠, opener rebids 4♠. With ♠KQxx ♥Qxx ♦Kxx ♣QJx (13 HCP), what is responder’s rebid?",Pass,5♠,4NT,Double,,
166,4,4,"Opener bids 1♥, responder 1NT, opener rebids 2NT. With ♠Kxx ♥Qxx ♦Kxx ♣Jxxx (9 HCP), what is responder’s rebid? ",Pass,3NT,2♥,2♠,,
167,4,4,"Opener bids 1♠, responder 1NT, opener rebids 2NT. With ♠Qxx ♥Kxx ♦Kxx ♣Jxxx (9 HCP), what is responder’s rebid?",Pass,3NT,2♠,2♥,,
168,4,4,"Opener bids 1♥, responder 2♥, opener rebids 3♥. With ♠Kxx ♥Qxxx ♦Kxx ♣QJx (11 HCP), what is responder’s rebid?",Pass,4♥,3NT,2NT,,
169,4,4,"Opener bids 1♠, responder 2♠, opener rebids 3♠. With ♠KQxx ♥Qxx ♦KJx ♣Jxx (12 HCP), what is responder’s rebid?",Pass,4♠,3NT,2NT,,
170,4,4,"Opener bids 1♥, responder 2♥, opener rebids 4♥. With ♠Kxx ♥Qxx ♦KQxx ♣QJx (13 HCP), what is responder’s rebid?",Pass,5♥,4NT,Double,,
171,4,5,"Opener bids 1♠, responder 1NT, opener rebids 2♠. With ♠Kxx ♥Qxx ♦Kxx ♣Kxxx (11 HCP), what is responder’s rebid? ",Pass,3♠,2NT,4♠,,
172,4,5,"Opener bids 1♥, responder 1NT, opener rebids 2♥. With ♠Kxx ♥xxxx ♦Kxx ♣Kxx (9 HCP), what is responder’s rebid?",Pass,3♥,2NT,4♥,,
173,4,5,"Opener bids 1♠, responder 2♠, opener rebids 3♠. With ♠Qxxx ♥Kxx ♦Qxx ♣JKx (11 HCP), what is responder’s rebid?",Pass,4♠,3NT,2NT,,
174,4,5,"Opener bids 1♥, responder 2♥, opener rebids 3♥. With ♠Kxx ♥Qxx ♦KQxx ♣Qxx (12 HCP), what is responder’s rebid?",Pass,4♥,3NT,2NT,,
175,4,5,"Opener bids 1♠, responder 2♠, opener rebids 4♠. With ♠KQxx ♥Qxx ♦Kxx ♣Kxx (13 HCP), what is responder’s rebid?",Pass,5♠,4NT,Double,,
176,4,6,"Opener bids 1♥, responder 1NT, opener rebids 2NT. With ♠Kxx ♥Qxx ♦Kxx ♣Kxxx (11 HCP), what is responder’s rebid? ",Pass,3NT,2♥,2♠,,
177,4,6,"Opener bids 1♠, responder 1NT, opener rebids 2NT. With ♠Qxx ♥Kxx ♦Kxx ♣Kxxx (11 HCP), what is responder’s rebid? ",Pass,3NT,2♠,2♥,,
178,4,6,"Opener bids 1♥, responder 2♥, opener rebids 3♥. With ♠Kxx ♥Qxxx ♦Kxx ♣Kxx (11 HCP), what is responder’s rebid?",Pass,4♥,3NT,2NT,,
179,4,6,"Opener bids 1♠, responder 2♠, opener rebids 3♠. With ♠KQxx ♥Qxx ♦Kxx ♣Qxx (12 HCP), what is responder’s rebid?",Pass,4♠,3NT,2NT,,
180,4,6,"Opener bids 1♥, responder 2♥, opener rebids 4♥. With ♠Kxx ♥Qxx ♦KQxx ♣Kxx (13 HCP), what is responder’s rebid?",Pass,5♥,4NT,Double,,
181,4,7,"Opener bids 1♠, responder 1NT, opener rebids 2♠. With ♠Kxx ♥Qxx ♦Kxx ♣Qxxx (10 HCP), what is responder’s rebid? ",Pass,3♠,2NT,4♠,,
182,4,7,"Opener bids 1♥, responder 1NT, opener rebids 2♥. With ♠Kxx ♥Qxxx ♦Kxx ♣Jxx (9 HCP), what is responder’s rebid?",Pass,3♥,2NT,4♥,,
183,4,7,"Opener bids 1♠, responder 2♠, opener rebids 3♠. With ♠Qxxx ♥KQx ♦Qxx ♣Qxx (11 HCP), what is responder’s rebid?",Pass,4♠,3NT,2NT,,
184,4,7,"Opener bids 1♥, responder 2♥, opener rebids 3♥. With ♠Kxx ♥Qxx ♦KQxx ♣Qxx (12 HCP), what is responder’s rebid?",Pass,4♥,3NT,2NT,,
185,4,7,"Opener bids 1♠, responder 2♠, opener rebids 4♠. With ♠KQxx ♥Qxx ♦Kxx ♣JQx (13 HCP), what is responder’s rebid?",Pass,5♠,4NT,Double,,
186,4,8,"Opener bids 1♥, responder 1NT, opener rebids 2NT. With ♠Kxx ♥Qxx ♦Kxx ♣Qxxx (10 HCP), what is responder’s rebid? ",Pass,3NT,2♥,2♠,,
187,4,8,"Opener bids 1♠, responder 1NT, opener rebids 2NT. With ♠Qxx ♥Kxx ♦Kxx ♣Qxxx (10 HCP), what is responder’s rebid? ",Pass,3NT,2♠,2♥,,
188,4,8,"Opener bids 1♥, responder 2♥, opener rebids 3♥. With ♠Kxx ♥Qxxx ♦Kxx ♣JQx (11 HCP), what is responder’s rebid?",Pass,4♥,3NT,2NT,,
189,4,8,"Opener bids 1♠, responder 2♠, opener rebids 3♠. With ♠KQxx ♥Qxx ♦Kxx ♣Qxx (12 HCP), what is responder’s rebid?",Pass,4♠,3NT,2NT,,
190,4,8,"Opener bids 1♥, responder 2♥, opener rebids 4♥. With ♠Kxx ♥Qxx ♦KQxx ♣JQx (13 HCP), what is responder’s rebid?",Pass,5♥,4NT,Double,,
191,4,9,"Opener bids 1♠, responder 1NT, opener rebids 2♠. With ♠Kxx ♥Qxx ♦Kxx ♣Jxxx (9 HCP), what is responder’s rebid?",Pass,3♠,2NT,4♠,,
192,4,9,"Opener bids 1♥, responder 1NT, opener rebids 2♥. With ♠Kxx ♥Qxxx ♦Kxx ♣Jxx (9 HCP), what is responder’s rebid?",Pass,3♥,2NT,4♥,,
193,4,9,"Opener bids 1♠, responder 2♠, opener rebids 3♠. With ♠Qxxx ♥Kxx ♦Qxx ♣KJx (11 HCP), what is responder’s rebid?",Pass,4♠,3NT,2NT,,
194,4,9,"Opener bids 1♥, responder 2♥, opener rebids 3♥. With ♠Kxx ♥QJx ♦KQxx ♣Jxx (12 HCP), what is responder’s rebid?",Pass,4♥,3NT,2NT,,
195,4,9,"Opener bids 1♠, responder 2♠, opener rebids 4♠. With ♠KQxx ♥Qxx ♦Kxx ♣QJx (13 HCP), what is responder’s rebid?",Pass,5♠,4NT,Double,,
196,4,10,"Opener bids 1♥, responder 1NT, opener rebids 2NT. With ♠Kxx ♥Qxx ♦Kxx ♣Jxxx (9 HCP), what is responder’s rebid? ",Pass,3NT,2♥,2♠,,
197,4,10,"Opener bids 1♠, responder 1NT, opener rebids 2NT. With ♠Qxx ♥Kxx ♦Kxx ♣Jxxx (9 HCP), what is responder’s rebid? ",Pass,3NT,2♠,2♥,,
198,4,10,"Opener bids 1♥, responder 2♥, opener rebids 3♥. With ♠Kxx ♥QJx ♦KQxx ♣Jxx (12 HCP), what is responder’s rebid?",Pass,4♥,3NT,2NT,,
199,4,10,"Opener bids 1♠, responder 2♠, opener rebids 3♠. With ♠KQxx ♥QJx ♦Kxx ♣Jxx (12 HCP), what is responder’s rebid?",Pass,4♠,3NT,2NT,,
200,4,10,"Opener bids 1♥, responder 2♥, opener rebids 4♥. With ♠Kxx ♥Qxx ♦KQxx ♣QJx (13 HCP), what is responder’s rebid?",Pass,5♥,4NT,Double,,
201,5,1,Opponent opens 1♠. You hold ♠xx ♥KQJxx ♦Kxx ♣JKx (13 HCP). What is your call?,2♥,Double,Pass,1NT,,
202,5,1,Opponent opens 1♥. You hold ♠KQJxx ♥xx ♦Kxx ♣Kxx (12 HCP). What is your call?,2♠,Double,Pass,1NT,,
203,5,1,Opponent opens 1♦. You hold ♠Kxx ♥Kxx ♦Kxx ♣KQJx (15 HCP). What is your call?,1NT,Double,Pass,2♣,,
204,5,1,Opponent opens 1♣. You hold ♠KQxx ♥Kxx ♦Kxx ♣xxx (11 HCP). What is your call?,Double,Pass,1NT,2♣,,
205,5,1,Opponent opens 1♠. You hold ♠xx ♥Kxx ♦KQJxx ♣Kxx (12 HCP). What is your call?,2♦,Double,Pass,1NT,,
206,5,2,Opponent opens 1♥. You hold ♠Kxx ♥xx ♦KQJxx ♣JKx (13 HCP). What is your call?,2♦,Double,Pass,1NT,,
207,5,2,Opponent opens 1♠. You hold ♠Kxx ♥KQJxx ♦Kxx ♣Kx (15 HCP). What is your call? ,2♥,Double,Pass,1NT,,
208,5,2,Opponent opens 1♣. You hold ♠KQJxx ♥Kxx ♦Kxx ♣Kx (15 HCP). What is your call?,2♠,Double,Pass,1NT,,
209,5,2,Opponent opens 1♦. You hold ♠Kxx ♥Kxx ♦Kxx ♣KQJx (15 HCP). What is your call?,1NT,Double,Pass,2♣,,
210,5,2,Opponent opens 1♠. You hold ♠xx ♥Kxx ♦Kxx ♣KQxxx (11 HCP). What is your call?,Double,Pass,1NT,2♣,,
211,5,3,Opponent opens 1♥. You hold ♠Kxx ♥xx ♦KQJxx ♣Kxx (12 HCP). What is your call?,2♦,Double,Pass,1NT,,
212,5,3,Opponent opens 1♠. You hold ♠Kxx ♥KQJxx ♦Kxx ♣Kx (15 HCP). What is your call?,2♥,Double,Pass,1NT,,
213,5,3,Opponent opens 1♣. You hold ♠KQJxx ♥Kxx ♦Kxx ♣Kx (15 HCP). What is your call?,2♠,Double,Pass,1NT,,
214,5,3,Opponent opens 1♦. You hold ♠Kxx ♥Kxx ♦Kxx ♣KQJx (15 HCP). What is your call?,1NT,Double,Pass,2♣,,
215,5,3,Opponent opens 1♠. You hold ♠xx ♥Kxx ♦Kxx ♣KQxxx (11 HCP). What is your call?,Double,Pass,1NT,2♣,,
216,5,4,Opponent opens 2♠ (weak). You hold ♠xx ♥KQJxx ♦Kxx ♣QKx (14 HCP). What is your call?,Double,Pass,3♥,2NT,,
217,5,4,Opponent opens 2♥ (weak). You hold ♠KQJxx ♥xx ♦Kxx ♣JKx (13 HCP). What is your call?,Double,Pass,3♠,2NT,,
218,5,4,Opponent opens 3♣ (preempt). You hold ♠Kxx ♥Kxx ♦KQJxx ♣Kx (15 HCP). What is your call?,Double,Pass,3NT,4♣,,
219,5,4,Opponent opens 3♦ (preempt). You hold ♠KQxx ♥Kxx ♦Kxx ♣KQx (16 HCP). What is your call?,Double,Pass,3NT,4♦,,
220,5,4,Opponent opens 3♠ (preempt). You hold ♠xx ♥KQJxx ♦Kxx ♣QKx (14 HCP). What is your call?,Double,Pass,4♥,3NT,,
221,5,5,Opponent opens 1♠. You hold ♠xx ♥Kxx ♦KQJxx ♣Kxx (12 HCP). What is your call?,2♦,Double,Pass,1NT,,
222,5,5,Opponent opens 1♥. You hold ♠Kxx ♥xx ♦KQJxx ♣JKx (13 HCP). What is your call?,2♦,Double,Pass,1NT,,
223,5,5,Opponent opens 1♣. You hold ♠KQJxx ♥Kxx ♦Kxx ♣Kx (15 HCP). What is your call?,2♠,Double,Pass,1NT,,
224,5,5,Opponent opens 1♦. You hold ♠Kxx ♥Kxx ♦Kxx ♣KQJx (15 HCP). What is your call?,1NT,Double,Pass,2♣,,
225,5,5,Opponent opens 1♠. You hold ♠xx ♥Kxx ♦Kxx ♣KQxxx (11 HCP). What is your call?,Double,Pass,1NT,2♣,,
226,5,6,Opponent opens 2♠ (weak). You hold ♠xx ♥KQJxx ♦Kxx ♣QKx (14 HCP). What is your call?,Double,Pass,3♥,2NT,,
227,5,6,Opponent opens 2♥ (weak). You hold ♠KQJxx ♥xx ♦Kxx ♣JKx (13 HCP). What is your call? ,Double,Pass,3♠,2NT,,
228,5,6,Opponent opens 2♠ (weak). You hold ♠xx ♥KQJxx ♦Kxx ♣QKx (14 HCP). What is your call?,Double,Pass,3NT,4♣,,
229,5,6,Opponent opens 3♦ (preempt). You hold ♠KQxx ♥Kxx ♦Kxx ♣KQx (16 HCP). What is your call?,Double,Pass,3NT,4♦,,
230,5,6,Opponent opens 3♠ (preempt). You hold ♠xx ♥KQJxx ♦Kxx ♣QKx (14 HCP). What is your call?,Double,Pass,4♥,3NT,,
231,5,7,Opponent opens 1♠. You hold ♠xx ♥Kxx ♦KQJxx ♣Kxx (12 HCP). What is your call?,2♦,Double,Pass,1NT,,
232,5,7,Opponent opens 1♥. You hold ♠Kxx ♥xx ♦KQJxx ♣JKx (13 HCP). What is your call?,2♦,Double,Pass,1NT,,
233,5,7,Opponent opens 1♣. You hold ♠KQJxx ♥Kxx ♦Kxx ♣Kx (15 HCP). What is your call? ,2♠,Double,Pass,1NT,,
234,5,7,Opponent opens 1♦. You hold ♠Kxx ♥Kxx ♦Kxx ♣KQJx (15 HCP). What is your call? ,1NT,Double,Pass,2♣,,
235,5,7,Opponent opens 1♠. You hold ♠xx ♥Kxx ♦Kxx ♣KQxxx (11 HCP). What is your call?,Double,Pass,1NT,2♣,,
236,5,8,Opponent opens 2♠ (weak). You hold ♠xx ♥KQJxx ♦Kxx ♣QKx (14 HCP). What is your call?,Double,Pass,3♥,2NT,,
237,5,8,Opponent opens 2♥ (weak). You hold ♠KQJxx ♥xx ♦Kxx ♣JKx (13 HCP). What is your call?,Double,Pass,3♠,2NT,,
238,5,8,Opponent opens 3♣ (preempt). You hold ♠Kxx ♥Kxx ♦KQJxx ♣Kx (15 HCP). What is your call? ,Double,Pass,3NT,4♣,,
239,5,8,Opponent opens 3♦ (preempt). You hold ♠KQxx ♥Kxx ♦Kxx ♣KQx (16 HCP). What is your call?,Double,Pass,3NT,4♦,,
240,5,8,Opponent opens 3♠ (preempt). You hold ♠xx ♥KQJxx ♦Kxx ♣QKx (14 HCP). What is your call?,Double,Pass,4♥,3NT,,
241,5,9,Opponent opens 1♠. You hold ♠xx ♥Kxx ♦KQJxx ♣Kxx (12 HCP). What is your call?,2♦,Double,Pass,1NT,,
242,5,9,Opponent opens 1♥. You hold ♠Kxx ♥xx ♦KQJxx ♣JKx (13 HCP). What is your call?,2♦,Double,Pass,1NT,,
243,5,9,Opponent opens 1♣. You hold ♠KQJxx ♥Kxx ♦Kxx ♣Kx (15 HCP). What is your call?,2♠,Double,Pass,1NT,,
244,5,9,Opponent opens 1♦. You hold ♠Kxx ♥Kxx ♦Kxx ♣KQJx (15 HCP). What is your call?,1NT,Double,Pass,2♣,,
245,5,9,Opponent opens 1♠. You hold ♠xx ♥Kxx ♦Kxx ♣KQxxx (11 HCP). What is your call?,Double,Pass,1NT,2♣,,
246,5,10,Opponent opens 2♠ (weak). You hold ♠xx ♥KQJxx ♦Kxx ♣QKx (14 HCP). What is your call?,Double,Pass,3♥,2NT,,
247,5,10,Opponent opens 2♥ (weak). You hold ♠KQJxx ♥xx ♦Kxx ♣JKx (13 HCP). What is your call?,Double,Pass,3♠,2NT,,
248,5,10,Opponent opens 3♣ (preempt). You hold ♠Kxx ♥Kxx ♦KQJxx ♣Kx (15 HCP). What is your call?,3NT,Pass,Double,4♣,,
249,5,10,Opponent opens 3♦ (preempt). You hold ♠KQxx ♥Kxx ♦Kxx ♣KQx (16 HCP). What is your call?,Double,Pass,3NT,4♦,,
250,5,10,Opponent opens 3♠ (preempt). You hold ♠xx ♥KQJxx ♦Kxx ♣QKx (14 HCP). What is your call?,Double,Pass,4♥,3NT,,
251,6,1,"Partner opens 1♠, you hold ♠KQxx ♥Kxx ♦Kxx ♣Qxx (13 HCP). What convention can you use to show support and game-forcing values?",Jacoby 2NT,Blackwood,Cue-bid,Splinter,,
252,6,1,"Partner opens 1♥, you hold ♠Kxx ♥KQxx ♦Kxx ♣Kxx (14 HCP). What is your response to explore slam?",Jacoby 2NT,Blackwood,Cue-bid,Splinter,,
253,6,1,"Partner opens 1♠, you hold ♠KQxx ♥Kxx ♦Kxx ♣KQx (16 HCP). How do you ask for aces? ",Jacoby 2NT,Blackwood,Cue-bid,Splinter,,
254,6,1,"Partner opens 1♥, you hold ♠Kxx ♥KQxx ♦Kxx ♣KQx (16 HCP). How do you ask for aces?",Jacoby 2NT,Blackwood,Cue-bid,Splinter,,
255,6,1,"Partner opens 1♠, you hold ♠KQxx ♥Kxx ♦Kxx ♣Qxx (13 HCP). How do you show a singleton?",Jacoby 2NT,Blackwood,Cue-bid,Splinter,,
256,6,2,"Partner opens 1♥, you hold ♠Kxx ♥KQxx ♦Kxx ♣Kxx (14 HCP). How do you show a singleton?",Jacoby 2NT,Blackwood,Cue-bid,Splinter,,
257,6,2,"Partner opens 1♠, you hold ♠KQxx ♥Kxx ♦Kxx ♣KQx (16 HCP). How do you cue-bid?",Jacoby 2NT,Blackwood,Cue-bid,Splinter,,
258,6,2,"Partner opens 1♥, you hold ♠Kxx ♥KQxx ♦Kxx ♣KQx (16 HCP). How do you cue-bid?",Jacoby 2NT,Blackwood,Cue-bid,Splinter,,
259,6,2,"Partner opens 1♠, you hold ♠KQxx ♥Kxx ♦Kxx ♣Qxx (13 HCP). How do you explore slam with fit and 13+ HCP?",Jacoby 2NT,Blackwood,Cue-bid,Splinter,,
260,6,2,"Partner opens 1♥, you hold ♠Kxx ♥KQxx ♦Kxx ♣Kxx (14 HCP). How do you explore slam with fit and 13+ HCP?",Jacoby 2NT,Blackwood,Cue-bid,Splinter,,
261,6,3,"After Jacoby 2NT, opener rebids 3♣. What does this show?",Balanced hand,Singleton/void,Extra strength,Minimum hand,,
262,6,3,"After Jacoby 2NT, opener rebids 3♦. What does this show?",Balanced hand,Singleton/void,Extra strength,Minimum hand,,
263,6,3,"After Jacoby 2NT, opener rebids 3♥. What does this show?",Balanced hand,Singleton/void,Extra strength,Minimum hand,,
264,6,3,"After Jacoby 2NT, opener rebids 3♠. What does this show?",Balanced hand,Singleton/void,Extra strength,Minimum hand,,
265,6,3,"After Jacoby 2NT, opener rebids 4♠. What does this show?",Balanced hand,Singleton/void,Extra strength,Minimum hand,,
266,6,4,"After Blackwood 4NT, partner responds 5♣. How many aces does this show?",0 or 4,1,2,3,,
267,6,4,"After Blackwood 4NT, partner responds 5♦. How many aces does this show?",0 or 4,1,2,3,,
268,6,4,"After Blackwood 4NT, partner responds 5♥. How many aces does this show?",0 or 4,1,2,3,,
269,6,4,"After Blackwood 4NT, partner responds 5♠. How many aces does this show?",0 or 4,1,2,3,,
270,6,4,"After Blackwood, how do you ask for kings?",5NT,6NT,Cue-bid,Splinter,,
271,6,5,"After cue-bidding, partner shows control in clubs. What does this mean?",Ace or void,King,Queen,Length,,
272,6,5,"After cue-bidding, partner shows control in diamonds. What does this mean?",Ace or void,King,Queen,Length,,
273,6,5,"After cue-bidding, partner skips a suit. What does this mean?",No control,Extra strength,Balanced hand,Minimum hand,,
274,6,5,"After cue-bidding, partner bids 4NT. What does this mean?",Ace ask,King ask,Control ask,Minimum hand,,
275,6,5,"After cue-bidding, partner bids 5NT. What does this mean?",Ace ask,King ask,Control ask,Minimum hand,,
276,6,6,"Partner opens 1♠, you hold ♠KQxx ♥Kxx ♦Kxx ♣Qxx (13 HCP). How do you explore slam?",Jacoby 2NT,Blackwood,Cue-bid,Splinter,,
277,6,6,"Partner opens 1♥, you hold ♠Kxx ♥KQxx ♦Kxx ♣Kxx (14 HCP). How do you explore slam?",Jacoby 2NT,Blackwood,Cue-bid,Splinter,,
278,6,6,"Partner opens 1♠, you hold ♠KQxx ♥Kxx ♦Kxx ♣KQx (16 HCP). How do you ask for aces?",Jacoby 2NT,Blackwood,Cue-bid,Splinter,,
279,6,6,"Partner opens 1♥, you hold ♠Kxx ♥KQxx ♦Kxx ♣KQx (16 HCP). How do you ask for aces?",Jacoby 2NT,Blackwood,Cue-bid,Splinter,,
280,6,6,"Partner opens 1♠, you hold ♠KQxx ♥Kxx ♦Kxx ♣Qxx (13 HCP). How do you show a singleton?",Jacoby 2NT,Blackwood,Cue-bid,Splinter,,
281,6,7,"After Jacoby 2NT, opener rebids 3♣. What does this show?",Balanced hand,Singleton/void,Extra strength,Minimum hand,,
282,6,7,"After Jacoby 2NT, opener rebids 3♦. What does this show?",Balanced hand,Singleton/void,Extra strength,Minimum hand,,
283,6,7,"After Jacoby 2NT, opener rebids 3♥. What does this show?",Balanced hand,Singleton/void,Extra strength,Minimum hand,,
284,6,7,"After Jacoby 2NT, opener rebids 3♠. What does this show?",Balanced hand,Singleton/void,Extra strength,Minimum hand,,
285,6,7,"After Jacoby 2NT, opener rebids 4♥. What does this show?",Balanced hand,Singleton/void,Extra strength,Minimum hand,,
286,6,7,"After Jacoby 2NT, opener rebids 4♠. What does this show?",Balanced hand,Singleton/void,Extra strength,Minimum hand,,
287,6,8,"After Blackwood 4NT, partner responds 5♣. How many aces does this show?",0 or 4,1,2,3,,
288,6,8,"After Blackwood 4NT, partner responds 5♦. How many aces does this show?",0 or 4,1,2,3,,
289,6,8,"After Blackwood 4NT, partner responds 5♥. How many aces does this show?",0 or 4,1,2,3,,
290,6,8,"After Blackwood 4NT, partner responds 5♠. How many aces does this show?",0 or 4,1,2,3,,
291,6,8,"After Blackwood, how do you ask for kings?",5NT,6NT,Cue-bid,Splinter,,
292,6,9,"After cue-bidding, partner shows control in clubs. What does this mean?",Ace or void,King,Queen,Length,,
293,6,9,"After cue-bidding, partner shows control in diamonds. What does this mean?",Ace or void,King,Queen,Length,,
294,6,9,"After cue-bidding, partner skips a suit. What does this mean?",No control,Extra strength,Balanced hand,Minimum hand,,
295,6,9,"After cue-bidding, partner bids 4NT. What does this mean?",Ace ask,King ask,Control ask,Minimum hand,,
296,6,9,"After cue-bidding, partner bids 5NT. What does this mean?",Ace ask,King ask,Control ask,Minimum hand,,
297,6,10,"Partner opens 1♠, you hold ♠KQxx ♥Kxx ♦Kxx ♣Qxx (13 HCP). How do you explore slam?",Jacoby 2NT,Blackwood,Cue-bid,Splinter,,
298,6,10,"Partner opens 1♥, you hold ♠Kxx ♥KQxx ♦Kxx ♣Kxx (14 HCP). How do you explore slam?",Jacoby 2NT,Blackwood,Cue-bid,Splinter,,
299,6,10,"Partner opens 1♠, you hold ♠KQxx ♥Kxx ♦Kxx ♣KQx (16 HCP). How do you ask for aces?",Jacoby 2NT,Blackwood,Cue-bid,Splinter,,
300,6,10,"Partner opens 1♥, you hold ♠Kxx ♥KQxx ♦Kxx ♣KQx (16 HCP). How do you ask for aces?",Jacoby 2NT,Blackwood,Cue-bid,Splinter,,