"Section Number","Part Number","Section Name","Part Name","Notes"
"1","1","Opening Bids","Basic Principles","Opening bids define strength and shape. Standard American requires five cards to open a major and at least twelve HCP. Balanced ranges are strict: 1NT shows 15–17, 2NT shows 20–21, and 2♣ announces 22+. Accurate HCP counting avoids mis‑bids; discipline builds partnership trust."
"1","2","Opening Bids","Minimum Requirements","Opening with 12 HCP is the standard threshold, though distribution can justify action with 11. Balanced 13 HCP hands must not be mis‑opened as 1NT; they begin with a suit. Accurate HCP counting and disciplined judgment prevent misleading partner. Learners must practice borderline cases carefully."
"1","3","Opening Bids","Balanced Hands","Balanced hands follow strict opening ranges in Standard American. With 15–17 HCP, opener bids 1NT; with 20–21 HCP, 2NT; and with 22+ HCP, 2♣ followed by a NT rebid. Balanced means no voids, no singletons, and at most one doubleton. Mis‑opening with 13–14 HCP balanced is a common error; such hands must start with a suit. Accurate HCP counting and disciplined adherence to ranges ensure partner receives a clear, reliable description."
"1","4","Opening Bids","Major Suit Openings","Opening a major suit is central to Standard American, as it immediately communicates both strength and shape. With 12+ HCP and a 5‑card major, opener bids at the one level, ensuring partner knows length and potential fit. Balanced hands with 15–17 HCP are shown by 1NT, not a major, and stronger balanced hands use 2NT or 2♣. Learners must avoid upgrading balanced 18–19 HCP hands into suit openings, as this distorts ranges. Discipline in following the 5‑card major rule builds partnership clarity, simplifies rebids, and prevents confusion in competitive auctions."
"1","5","Opening Bids","Minor Suit Openings","Minor suit openings occur when no 5‑card major is available. With 3–3 in the minors, open 1♣; otherwise, choose the longer minor. Students must learn that minor openings are often a default, not a promise of strength in clubs or diamonds. Emphasize clarity: partner expects length, not power. Avoid distorting distribution to fit NT ranges. Practice hands with balanced 12–14 HCP and no major, reinforcing the logic of choosing the correct minor."
"1","6","Opening Bids","Strong Hands","The 2♣ opening is artificial and forcing, showing 22+ HCP or equivalent tricks. Learners must understand that 2♣ does not promise clubs but announces strength. Partner is required to respond, even with zero points. Reinforce that strong balanced hands rebid NT after 2♣, while unbalanced hands show suits naturally. Students often confuse 2♣ with preempts — stress that 2♣ is the opposite: it begins a constructive auction. Practice distinguishing between 2♣ and 2NT openings."
"1","7","Opening Bids","Weak Hands","Preemptive openings describe long suits with 6–10 HCP. They obstruct opponents and communicate distribution quickly. Learners must recognize that preempts are tactical, not descriptive of balanced strength. Vulnerability and seat position matter: preempt light in third seat, but be disciplined when vulnerable. Reinforce that preempts are not invitations to game; they are warnings of length. Practice with hands like 7‑card suits and weak HCP totals to build judgment."
"1","8","Opening Bids","Preemptive Considerations","This part teaches judgment in preempting. Learners must evaluate risk versus reward, considering vulnerability, seat, and suit quality. Poor suits make weak preempts dangerous, while strong suits justify aggressive action. Reinforce that preempts are partnership tools: they describe hand type and obstruct opponents. Students should practice evaluating borderline hands, deciding between opening normally or preempting. Emphasize that preempts are not random — they follow structure and discipline."
"1","9","Opening Bids","Special Cases","Borderline hands and distributional upgrades require judgment. For example, 11 HCP with a long major may be upgraded to an opening bid, while flat 12 HCP hands may be downgraded. Learners must practice recognizing when distribution adds value beyond HCP. Reinforce that opening decisions are about communication, not raw points. Teach students to balance strict rules with judgment, ensuring partner receives an accurate description."
"1","10","Opening Bids","Review & Practice","This section consolidates all opening principles. Learners should practice with mixed sets of hands, testing their ability to apply rules consistently. Emphasize HCP accuracy, NT ranges, the 5‑card major rule, minor suit defaults, strong 2♣ openings, and preemptive tactics. Encourage students to explain their reasoning aloud, reinforcing understanding. Review common pitfalls: mis‑counting HCP, mis‑opening balanced hands, and confusing preempts with strong bids. Practice builds confidence and clarity."
"2","1","Responses to Opening Bids","Simple Raises","A simple raise shows support for partner’s suit at the lowest level. It promises at least 6–9 HCP and usually three‑card support. The goal is to confirm fit without overstating strength. Learners must recognize that raising partner’s suit communicates both points and distribution. Avoid raising with only two‑card support unless partnership style allows. Simple raises keep the auction low, leaving room for exploration. Common errors include raising with insufficient strength or failing to raise when support exists. Practice identifying hands with three‑card support and moderate values, ensuring partner knows there is a fit but not yet game‑going strength."
"2","2","Responses to Opening Bids","Invitational Raises","Invitational raises show support and about 10–12 HCP, inviting partner to bid game if maximum. They promise at least three‑card support, often four. The key is judgment: with borderline strength, invite rather than commit. Learners must distinguish between simple raises (6–9 HCP) and game raises (13+). Invitational raises often occur at the three level, balancing risk and opportunity. Errors include over‑inviting with weak hands or under‑inviting with game‑going strength. Practice hands should emphasize recognizing when partner’s opening bid plus your invitational values may reach game. Discipline ensures partner can evaluate accurately without being forced into an unmakeable contract."
"2","3","Responses to Opening Bids","Game Raises","Game raises commit the partnership to game, usually showing 13+ HCP and four‑card support. They communicate strength and fit immediately, allowing partner to plan the auction confidently. Learners must understand that game raises are forcing: once made, the partnership cannot stop below game. Avoid upgrading marginal invitational hands into game raises, as this risks overbidding. Conversely, failing to raise to game with sufficient strength undermines partnership trust. Practice should focus on recognizing when combined values guarantee game. Emphasize clarity: game raises are not exploratory but definitive, ensuring partner knows the auction is committed to reaching at least four of the agreed suit."
"2","4","Responses to Opening Bids","No-Trump Responses","No‑Trump responses describe balanced hands without support for opener’s suit. With 6–9 HCP, responder bids 1NT; with 10–12, 2NT; with 13–15, 3NT. These bids deny a fit but show point ranges clearly. Learners must avoid misusing NT responses when support exists, as this hides fit. Balanced distribution is key: no voids, no singletons, and at most one doubleton. Errors include responding NT with unbalanced hands or miscounting HCP. Practice should emphasize strict ranges and the discipline of denying support. NT responses give opener a clear picture of responder’s strength and shape, guiding whether to invite, bid game, or explore slam."
"2","5","Responses to Opening Bids","New Suit Responses","A new suit response shows values and introduces an alternative strain. At the one level, it promises at least 6 HCP; at the two level, 10+. It is forcing for one round, requiring opener to rebid. Learners must recognize that new suit responses prioritize finding a fit, not immediately showing strength. Avoid responding in a weak suit just to bid something — quality matters. Errors include passing with values or misjudging level. Practice should focus on hands where responder lacks support but has a suit worth showing. New suit responses keep auctions flexible, allowing exploration of fits and ranges."
"2","6","Responses to Opening Bids","Jump Shifts","Jump shifts are strong and forcing, showing a new suit at a higher level with 16+ HCP. They communicate both strength and distribution immediately, demanding opener’s attention. Learners must understand that jump shifts are rare and should not be used casually. They often set the stage for slam exploration or game forcing auctions. Errors include overusing jump shifts with invitational hands or misrepresenting suit quality. Practice should emphasize recognizing when a hand is too strong for a simple new suit response. Jump shifts are powerful tools, but discipline is essential to avoid distorting the auction and misleading partner."
"2","7","Responses to Opening Bids","Limit Raises","Limit raises show about 10–12 HCP and four‑card support, promising invitational values. They are stronger than simple raises but not forcing to game. Learners must distinguish limit raises from invitational raises with three‑card support. Limit raises often use conventions like Jacoby 2NT or Bergen raises to clarify strength and fit. Errors include miscounting support or failing to use the correct convention. Practice should focus on recognizing when combined values may reach game but not guarantee it. Limit raises balance clarity and flexibility, giving opener the information needed to decide whether to push to game or stop safely below."
"2","8","Responses to Opening Bids","Forcing Responses","Forcing responses require opener to bid again, ensuring the auction continues. Examples include new suit responses at the one level or strong artificial bids like 2♣. Learners must understand that forcing responses communicate strength or distribution needing clarification. They prevent the auction from dying prematurely. Errors include failing to force with strong hands or forcing unnecessarily with weak ones. Practice should emphasize recognizing when responder must keep the auction alive. Forcing responses are partnership tools: they ensure exploration of fits and ranges, supporting disciplined bidding sequences. Clarity in forcing bids builds trust and prevents missed opportunities."
"2","9","Responses to Opening Bids","Slam Tries","Slam tries explore contracts beyond game, requiring combined strength of 30+ HCP or equivalent tricks. They often use control bids, cue bids, or conventions like Blackwood. Learners must understand that slam tries are precise: they ask partner for specific information about aces, key cards, or controls. Errors include attempting slam with insufficient strength or failing to cue bid properly. Practice should emphasize recognizing when combined values justify slam exploration. Slam tries demand discipline and partnership agreement, ensuring clarity and avoiding reckless bidding. They are advanced tools, but learners must practice carefully to avoid overreaching and jeopardizing contracts."
"2","10","Responses to Opening Bids","Jacoby Transfer","Jacoby Transfers are a fundamental convention used after partner opens 1NT. With a 5‑card major, responder bids the suit one step lower (2♦ transfers to hearts, 2♥ transfers to spades). This forces opener to bid the major, keeping the stronger 1NT hand as declarer and protecting high cards. Transfers allow responder to show length in a major while keeping the auction flexible. Weak hands can transfer and then pass, ensuring the partnership plays in the major at a safe level. Stronger hands transfer first, then continue bidding to invite or force game. Learners must avoid misusing transfers with fewer than five cards in the major or confusing them with natural bids. Practice should emphasize recognizing when to transfer, how to continue with invitational or game‑going strength, and why transfers improve both declarer play and partnership communication."
"3","1","Rebids by Opener","Minimum Rebids","Minimum rebids occur when opener has shown their strength and distribution but holds no extras. With 12–15 HCP and no new message to convey, opener repeats their suit or makes a simple rebid. Learners must understand that minimum rebids are non‑forcing and show no interest in game unless partner invites. Errors include overstating strength by rebidding at higher levels or failing to clarify distribution. Practice should emphasize recognizing when opener has already described their hand and must simply confirm shape. Minimum rebids keep auctions disciplined, preventing overbidding and ensuring partner knows opener has nothing more to add."
"3","2","Rebids by Opener","Invitational Rebids","Invitational rebids show extra values, typically 16–18 HCP, and invite partner to game. They often involve raising partner’s suit or bidding NT at the invitational level. Learners must distinguish invitational rebids from minimum and game‑forcing actions. The goal is to give partner a choice: accept with maximum, decline with minimum. Errors include inviting with too few points or forcing with invitational strength. Practice should focus on hands where opener has moderate extras but not enough to commit to game. Invitational rebids balance opportunity and caution, allowing the partnership to explore game without risking overreach."
"3","3","Rebids by Opener","Game Rebids","Game rebids commit the partnership to game, showing 19+ HCP or equivalent distributional strength. They communicate certainty: opener knows that combined values guarantee game. Learners must recognize that game rebids are forcing and leave no room for doubt. Avoid upgrading invitational hands into game rebids, as this risks overbidding. Conversely, failing to rebid game with sufficient strength undermines partnership trust. Practice should emphasize clarity: game rebids are not exploratory but definitive. They ensure partner receives a reliable description of opener’s strength, simplifying the auction and allowing focus on slam exploration if appropriate."
"3","4","Rebids by Opener","Balanced Rebids","Balanced rebids occur when opener holds a balanced hand and clarifies point range with NT bids. With 12–14 HCP, opener rebids 1NT; with 18–19, 2NT; with 20–21, 3NT. Learners must understand that balanced rebids deny extra distributional features and emphasize point ranges. Errors include miscounting HCP or rebidding NT with unbalanced hands. Practice should highlight strict ranges and the discipline of denying side suits. Balanced rebids give responder a clear picture of opener’s strength and shape, guiding whether to invite, bid game, or explore slam. Accuracy in balanced rebids builds partnership trust and prevents mis‑descriptions."
"3","5","Rebids by Opener","Major Suit Rebids","Major suit rebids clarify length and strength in opener’s major. Repeating a major at the two level shows six cards and minimum strength; jumping shows extras. Learners must understand that rebidding a major communicates both distribution and strength. Avoid rebidding a five‑card major without extras, as this misleads partner. Errors include failing to rebid with six‑card length or overstating strength with weak hands. Practice should emphasize recognizing when opener must confirm major length versus when NT or another suit is more accurate. Major suit rebids ensure partner knows the fit and can judge whether to raise or explore game."
"3","6","Rebids by Opener","Minor Suit Rebids","Minor suit rebids clarify opener’s distribution when no major fit exists. Repeating a minor shows length but usually minimum strength; jumping shows extras. Learners must understand that minor suit rebids often occur by default, not as a promise of power. Avoid overstating strength by rebidding minors aggressively. Errors include failing to rebid with long minors or misrepresenting balanced hands. Practice should emphasize recognizing when opener must clarify minor length versus when NT is more accurate. Minor suit rebids give responder a clearer picture of distribution, supporting disciplined auctions and preventing confusion about opener’s hand type."
"3","7","Rebids by Opener","Jump Rebids","Jump rebids show extra strength and distribution, often 16+ HCP and long suits. They communicate a stronger hand than a simple rebid, inviting partner to consider game. Learners must understand that jump rebids are invitational or forcing depending on context. Avoid using jump rebids with minimum strength, as this misleads partner. Errors include overstating suit quality or failing to jump with strong distribution. Practice should emphasize recognizing when opener must show extras clearly. Jump rebids are powerful tools, but discipline is essential to avoid distorting the auction and undermining partnership trust."
"3","8","Rebids by Opener","Slam Tries","Slam tries by opener occur when combined values may reach beyond game. They often involve control bids, cue bids, or strong NT rebids. Learners must understand that slam tries are precise: opener communicates extras and asks responder for specific information. Errors include attempting slam with insufficient strength or failing to cue bid properly. Practice should emphasize recognizing when opener’s hand justifies slam exploration. Slam tries demand discipline and partnership agreement, ensuring clarity and avoiding reckless bidding. They are advanced tools, but learners must practice carefully to avoid overreaching and jeopardizing contracts."
"3","9","Rebids by Opener","Competitive Rebids","Competitive rebids occur when opponents enter the auction. Opener must balance describing their hand with obstructing opponents. Learners must understand that competitive rebids require judgment: sometimes repeating a suit, sometimes bidding NT, sometimes passing. Vulnerability and position matter. Errors include overbidding under pressure or failing to compete with distributional strength. Practice should emphasize recognizing when to act versus when to stay disciplined. Competitive rebids are tactical tools, ensuring the partnership communicates while resisting opponent interference. Learners must practice balancing aggression with caution, supporting partnership trust in contested auctions."
"3","10","Rebids by Opener","Review & Practice","This part consolidates all rebid principles. Learners should practice mixed sets of hands, applying rules consistently. Emphasize accuracy in HCP ranges, distributional rebids, and judgment in invitational versus game actions. Practice should include balanced NT rebids, major and minor clarifications, jump rebids, and competitive scenarios. Review common pitfalls: mis‑counting HCP, misusing NT rebids, failing to clarify suit length, or overbidding slam tries. Encourage learners to explain reasoning aloud, reinforcing understanding. Review builds confidence and clarity, ensuring disciplined rebids that support partnership trust. Practice scenarios should mix borderline cases, forcing decisions that highlight the importance of accuracy and communication in rebidding."
"4","1","Rebids by Responder","Minimum Rebids","Minimum rebids by responder occur when they have already described their hand and hold no extras. With 6–9 HCP and no new message to convey, responder simply repeats their suit or makes a non‑forcing rebid. Learners must understand that minimum rebids confirm distribution but deny further strength. Errors include overstating values by bidding higher or failing to clarify suit length. Practice should emphasize recognizing when responder has already shown their hand and must simply confirm shape. Minimum rebids keep auctions disciplined, preventing overbidding and ensuring opener knows responder has nothing more to add."
"4","2","Rebids by Responder","Invitational Rebids","Invitational rebids show moderate extras, typically 10–12 HCP, and invite opener to game if maximum. They often involve raising opener’s suit to the three level or bidding NT at invitational ranges. Learners must distinguish invitational rebids from minimum and game‑forcing actions. The goal is to give opener a choice: accept with maximum, decline with minimum. Errors include inviting with too few points or forcing with invitational strength. Practice should focus on hands where responder has moderate extras but not enough to commit to game. Invitational rebids balance opportunity and caution, allowing the partnership to explore game without risk."
"4","3","Rebids by Responder","Game Rebids","Game rebids by responder commit the partnership to game, showing 13+ HCP or equivalent distributional strength. They communicate certainty: responder knows that combined values guarantee game. Learners must recognize that game rebids are forcing and leave no room for doubt. Avoid upgrading invitational hands into game rebids, as this risks overbidding. Conversely, failing to rebid game with sufficient strength undermines partnership trust. Practice should emphasize clarity: game rebids are not exploratory but definitive. They ensure opener receives a reliable description of responder’s strength, simplifying the auction and allowing focus on slam exploration if appropriate."
"4","4","Rebids by Responder","Balanced Rebids","Balanced rebids occur when responder holds a balanced hand and clarifies point range with NT bids. With 6–9 HCP, responder rebids 1NT; with 10–12, 2NT; with 13–15, 3NT. Learners must understand that balanced rebids deny extra distributional features and emphasize point ranges. Errors include miscounting HCP or rebidding NT with unbalanced hands. Practice should highlight strict ranges and the discipline of denying side suits. Balanced rebids give opener a clear picture of responder’s strength and shape, guiding whether to invite, bid game, or explore slam. Accuracy in balanced rebids builds partnership trust and prevents mis‑descriptions."
"4","5","Rebids by Responder","Major Suit Rebids","Major suit rebids by responder clarify length and strength in their major. Repeating a major at the two level shows six cards and minimum strength; jumping shows extras. Learners must understand that rebidding a major communicates both distribution and strength. Avoid rebidding a five‑card major without extras, as this misleads partner. Errors include failing to rebid with six‑card length or overstating strength with weak hands. Practice should emphasize recognizing when responder must confirm major length versus when NT or another suit is more accurate. Major suit rebids ensure opener knows the fit and can judge whether to raise or explore game."
"4","6","Rebids by Responder","Minor Suit Rebids","Minor suit rebids clarify responder’s distribution when no major fit exists. Repeating a minor shows length but usually minimum strength; jumping shows extras. Learners must understand that minor suit rebids often occur by default, not as a promise of power. Avoid overstating strength by rebidding minors aggressively. Errors include failing to rebid with long minors or misrepresenting balanced hands. Practice should emphasize recognizing when responder must clarify minor length versus when NT is more accurate. Minor suit rebids give opener a clearer picture of distribution, supporting disciplined auctions and preventing confusion about responder’s hand type."
"4","7","Rebids by Responder","Jump Rebids","Jump rebids by responder show extra strength and distribution, often 16+ HCP and long suits. They communicate a stronger hand than a simple rebid, inviting opener to consider game. Learners must understand that jump rebids are invitational or forcing depending on context. Avoid using jump rebids with minimum strength, as this misleads partner. Errors include overstating suit quality or failing to jump with strong distribution. Practice should emphasize recognizing when responder must show extras clearly. Jump rebids are powerful tools, but discipline is essential to avoid distorting the auction and undermining partnership trust."
"4","8","Rebids by Responder","Slam Tries","Slam tries by responder occur when combined values may reach beyond game. They often involve control bids, cue bids, or strong NT rebids. Learners must understand that slam tries are precise: responder communicates extras and asks opener for specific information. Errors include attempting slam with insufficient strength or failing to cue bid properly. Practice should emphasize recognizing when responder’s hand justifies slam exploration. Slam tries demand discipline and partnership agreement, ensuring clarity and avoiding reckless bidding. They are advanced tools, but learners must practice carefully to avoid overreaching and jeopardizing contracts."
"4","9","Rebids by Responder","Competitive Rebids","Competitive rebids occur when opponents enter the auction. Responder must balance describing their hand with obstructing opponents. Learners must understand that competitive rebids require judgment: sometimes repeating a suit, sometimes bidding NT, sometimes passing. Vulnerability and position matter. Errors include overbidding under pressure or failing to compete with distributional strength. Practice should emphasize recognizing when to act versus when to stay disciplined. Competitive rebids are tactical tools, ensuring the partnership communicates while resisting opponent interference. Learners must practice balancing aggression with caution, supporting partnership trust in contested auctions."
"4","10","Rebids by Responder","Review & Practice","This part consolidates all responder rebid principles. Learners should practice mixed sets of hands, applying rules consistently. Emphasize accuracy in HCP ranges, distributional rebids, and judgment in invitational versus game actions. Practice should include balanced NT rebids, major and minor clarifications, jump rebids, and competitive scenarios. Review common pitfalls: mis‑counting HCP, misusing NT rebids, failing to clarify suit length, or overbidding slam tries. Encourage learners to explain reasoning aloud, reinforcing understanding. Review builds confidence and clarity, ensuring disciplined rebids that support partnership trust. Practice scenarios should mix borderline cases, forcing decisions that highlight the importance of accuracy and communication in rebidding."
"5","1","Competitive Bidding","Simple Overcalls","A simple overcall shows a good suit and moderate strength, typically 8–16 HCP. The goal is to compete for the contract while describing distribution. Learners must understand that overcalls are not opening bids: suit quality matters more than raw points. Avoid overcalling with weak suits, as this misleads partner. Errors include overcalling with poor suits or failing to overcall with strong ones. Practice should emphasize judgment: overcall with solid 5‑card suits and appropriate strength. Simple overcalls are tactical tools, obstructing opponents while guiding partner toward possible fits. Discipline ensures clarity and prevents reckless competition."
"5","2","Competitive Bidding","Takeout Doubles","Takeout doubles are flexible competitive bids, showing opening strength and support for unbid suits. They ask partner to choose a suit, promising shortness in opponents’ suit. Learners must understand that takeout doubles require tolerance for multiple suits, not just points. Avoid doubling with unsuitable distribution, as this traps partner. Errors include doubling with balanced hands or failing to double with ideal shape. Practice should emphasize recognizing when shortness and support justify a double. Takeout doubles are partnership tools, ensuring communication under pressure. Discipline in using them builds trust and prevents confusion in contested auctions."
"5","3","Competitive Bidding","1NT Overcalls","A 1NT overcall shows a balanced hand with 15–18 HCP and stoppers in opponents’ suit. It communicates strength and shape clearly, guiding partner toward NT contracts. Learners must understand that 1NT overcalls are precise: they deny long suits and promise defensive values. Avoid overcalling NT with unbalanced hands or without stoppers. Errors include miscounting HCP or misrepresenting distribution. Practice should emphasize strict ranges and the discipline of denying side suits. 1NT overcalls are powerful competitive tools, obstructing opponents while offering partner a clear picture. Accuracy builds trust and prevents mis‑descriptions in contested auctions."
"5","4","Competitive Bidding","Preemptive Bids","Preemptive bids in competition describe long suits and weak hands, obstructing opponents’ communication. They promise length but limited strength, typically 6–10 HCP. Learners must understand that preempts are tactical, not descriptive of balanced strength. Vulnerability and position matter: preempt light in favorable conditions, but be disciplined when vulnerable. Errors include preempting with poor suits or overusing preempts. Practice should emphasize evaluating suit quality and risk versus reward. Preemptive bids are partnership tools, describing hand type while obstructing opponents. Discipline ensures clarity and prevents reckless competition that undermines trust."
"5","5","Competitive Bidding","Balancing","Balancing occurs when opponents stop low and the auction risks dying. A balancing bid shows moderate strength, often less than a direct action would require. Learners must understand that balancing is tactical: it keeps the auction alive, often with lighter values. Avoid balancing recklessly, as this risks overbidding. Errors include failing to balance when necessary or balancing with unsuitable hands. Practice should emphasize recognizing when opponents are weak and balancing is safe. Balancing bids are partnership tools, ensuring communication and preventing opponents from stealing contracts cheaply. Discipline ensures effective competition without unnecessary risk."
"5","6","Competitive Bidding","Penalty Doubles","Penalty doubles punish opponents for overreaching, showing defensive strength and confidence in defeating their contract. Learners must understand that penalty doubles require discipline: they are not takeout doubles. Avoid doubling without defensive tricks, as this risks disaster. Errors include confusing penalty doubles with takeout doubles or doubling too aggressively. Practice should emphasize recognizing when opponents are vulnerable and contract is unlikely to succeed. Penalty doubles are tactical weapons, deterring opponents from reckless bidding. Discipline ensures clarity and prevents costly mistakes, reinforcing partnership trust in competitive auctions."
"5","7","Competitive Bidding","Responsive Doubles","Responsive doubles occur after partner makes a takeout double and opponents raise. They show values and support for unbid suits, keeping the auction alive. Learners must understand that responsive doubles are cooperative, not punitive. Avoid using them with weak hands or unsuitable distribution. Errors include misusing responsive doubles as penalty doubles or failing to respond when appropriate. Practice should emphasize recognizing when responder must clarify strength and distribution. Responsive doubles are partnership tools, ensuring communication under pressure. Discipline ensures clarity and prevents confusion in contested auctions."
"5","8","Competitive Bidding","Advanced Preempts","Advanced preempts refine tactical bidding, using conventions and judgment to maximize obstruction. They involve higher‑level preempts, quality suits, and vulnerability awareness. Learners must understand that advanced preempts are partnership agreements, requiring discipline and clarity. Avoid preempting recklessly, as this risks disaster. Errors include preempting with poor suits or ignoring vulnerability. Practice should emphasize evaluating suit quality, position, and risk versus reward. Advanced preempts are powerful tools, obstructing opponents while describing distribution. Discipline ensures clarity and prevents reckless competition, reinforcing partnership trust in competitive auctions."
"5","9","Competitive Bidding","Competitive Slam Tries","Competitive slam tries explore contracts beyond game in contested auctions. They require combined strength and precise communication, often using cue bids or control bids. Learners must understand that competitive slam tries are rare and demand discipline. Avoid attempting slam without sufficient strength or misusing cue bids. Errors include overreaching or failing to explore slam when justified. Practice should emphasize recognizing when combined values justify slam exploration despite competition. Competitive slam tries are advanced tools, requiring partnership agreement and clarity. Discipline ensures effective exploration without reckless bidding."
"5","10","Competitive Bidding","Review & Practice","This part consolidates all competitive bidding principles. Learners should practice mixed sets of hands, applying rules consistently. Emphasize accuracy in overcalls, doubles, NT ranges, preempts, and balancing actions. Practice should include penalty and responsive doubles, advanced preempts, and slam tries. Review common pitfalls: mis‑counting HCP, misusing doubles, failing to preempt with length, or overbidding slam tries. Encourage learners to explain reasoning aloud, reinforcing understanding. Review builds confidence and clarity, ensuring disciplined competitive bidding that supports partnership trust. Practice scenarios should mix borderline cases, forcing decisions that highlight the importance of accuracy and communication in contested auctions."
"6","1","Slam Bidding & Conventions","Jacoby 2NT Basics","Jacoby 2NT is a conventional response to a major‑suit opening, showing 13+ HCP and four‑card support. It is game‑forcing, immediately establishing a fit and inviting opener to describe strength and distribution. Learners must understand that Jacoby 2NT is not natural NT but a tool to explore slam. Avoid using it with fewer than four‑card support or insufficient strength. Errors include confusing Jacoby 2NT with invitational NT bids. Practice should emphasize recognizing when responder has game‑going values and fit, ensuring opener can clarify hand type. Jacoby 2NT builds partnership clarity, simplifying slam exploration by setting the fit early."
"6","2","Slam Bidding & Conventions","Splinter Bids","Splinter bids show support for partner’s suit, game‑going strength, and a singleton or void in the splinter suit. They are made by jumping into the short suit, e.g., 1♠ – 4♦. Learners must understand that splinters are precise: they communicate fit, strength, and distribution in one bid. Avoid splintering with weak hands or without real support. Errors include misusing splinters as natural bids or failing to splinter with ideal hands. Practice should emphasize recognizing when shortness adds slam potential. Splinter bids are powerful tools, helping partner evaluate wasted values and guiding disciplined slam exploration."
"6","3","Slam Bidding & Conventions","Jacoby Responses","After a Jacoby 2NT response, opener clarifies hand type: minimum balanced, maximum balanced, singleton, or extra suit length. Learners must understand that opener’s rebid is descriptive, not exploratory. Errors include failing to show shortness or misrepresenting strength. Practice should emphasize recognizing opener’s rebid patterns and how responder continues. Jacoby responses build a roadmap: opener describes, responder evaluates. Discipline ensures clarity, preventing mis‑descriptions that derail slam tries. Learners should practice sequences where opener shows shortness or extras, reinforcing how responder judges whether slam is realistic. Jacoby responses are partnership tools for structured slam exploration."
"6","4","Slam Bidding & Conventions","Blackwood Basics","Blackwood is a convention used to ask for aces, typically with 4NT. It is slam‑oriented, ensuring the partnership does not bid slam missing two aces. Learners must understand that Blackwood requires discipline: use it only when slam is plausible and suit fit is established. Avoid using Blackwood with voids, as responses become misleading. Errors include asking too early or miscounting aces. Practice should emphasize recognizing when combined strength justifies ace‑asking. Blackwood builds clarity, preventing reckless slam bids. Learners must practice responses (5♣ = 0 or 4, 5♦ = 1, etc.), ensuring accurate communication under pressure."
"6","5","Slam Bidding & Conventions","Cue-Bidding Controls","Cue‑bidding shows first‑round or second‑round control in suits, helping explore slam safely. It occurs after a fit is established, with partners exchanging information about aces, kings, or voids. Learners must understand that cue‑bidding is cooperative, not forcing slam but clarifying controls. Avoid cue‑bidding without fit or with minimum strength. Errors include failing to cue when slam is possible or misrepresenting control. Practice should emphasize recognizing when cue‑bids are necessary to avoid missing or overreaching slam. Cue‑bidding builds partnership trust, ensuring slam contracts are safe and based on accurate information about defensive stoppers."
"6","6","Slam Bidding & Conventions","Advanced Jacoby","Advanced Jacoby sequences refine slam exploration, using opener’s rebids to show shortness, extras, or balanced ranges. Learners must understand that advanced Jacoby requires partnership agreement: rebids are coded to clarify hand type. Avoid misusing rebids or failing to show shortness. Errors include treating Jacoby as natural NT or ignoring opener’s descriptive rebid. Practice should emphasize recognizing rebid structures and how responder continues. Advanced Jacoby builds precision, allowing slam exploration without guesswork. Learners must practice sequences where opener shows singleton, balanced minimum, or maximum, reinforcing disciplined communication in complex auctions."
"6","7","Slam Bidding & Conventions","Advanced Blackwood","Advanced Blackwood includes Roman Key Card Blackwood (RKCB), which asks for five key cards (four aces + trump king). Responses clarify slam safety more precisely than standard Blackwood. Learners must understand that RKCB prevents bidding slam missing the trump king. Avoid using RKCB without a fit or with voids. Errors include miscounting key cards or misusing responses. Practice should emphasize recognizing when RKCB is superior to standard Blackwood. Advanced Blackwood builds clarity, ensuring slam contracts are based on accurate control information. Learners must practice response structures (5♣ = 0/3, 5♦ = 1/4, etc.), reinforcing disciplined bidding."
"6","8","Slam Bidding & Conventions","King Asking","King‑asking conventions, often following RKCB, clarify which kings partner holds. They ensure slam contracts are safe against missing side‑suit kings. Learners must understand that king‑asking is precise: use it only when slam is near but uncertain. Avoid asking without sufficient strength or fit. Errors include misusing king‑asking as exploratory or failing to ask when necessary. Practice should emphasize recognizing when missing kings jeopardize slam. King‑asking builds partnership trust, ensuring slam contracts are safe and based on accurate information. Learners must practice response structures, reinforcing disciplined communication in high‑level auctions."
"6","9","Slam Bidding & Conventions","Slam Exploration","Slam exploration involves combining conventions like Jacoby, splinters, cue‑bids, and Blackwood to evaluate slam potential. Learners must understand that slam exploration is structured: establish fit, evaluate strength, clarify controls, then commit. Avoid jumping to slam without information or failing to explore when justified. Errors include misusing conventions or ignoring distributional values. Practice should emphasize recognizing when combined strength and fit justify slam tries. Slam exploration builds partnership clarity, ensuring contracts are safe and disciplined. Learners must practice sequences mixing conventions, reinforcing how structured exploration prevents reckless bidding and supports confident slam contracts."
"6","10","Slam Bidding & Conventions","Review & Practice","This part consolidates all slam bidding conventions. Learners should practice mixed sets of hands, applying Jacoby, splinters, cue‑bids, and Blackwood consistently. Emphasize accuracy in HCP ranges, fit recognition, and control‑showing. Practice should include borderline cases, testing judgment in slam exploration. Review common pitfalls: mis‑counting aces, misusing Jacoby, failing to splinter, or overbidding slam without controls. Encourage learners to explain reasoning aloud, reinforcing understanding. Review builds confidence and clarity, ensuring disciplined slam bidding that supports partnership trust. Practice scenarios should mix conventions, forcing decisions that highlight the importance of accuracy and communication in high‑level auctions."