ID: Question number,Section,Part,Question,Option 1,Option 2,Option 3,Option 4,,
1,1,1,What key type is recommended for Push-to-Talk (PTT) to avoid auto-repeat issues?,Space bar,Enter key,Left or Right Control,Any letter key,,
2,1,1,Where should your microphone be positioned for best audio quality?,Directly in front of mouth,Slightly to one side and below mouth,Above the head,Against the throat,,
3,1,1,What should you check before flying online?,Voice check with another user,PTT key functionality,Microphone position,All of the above,,
4,1,1,What happens if you use voice activation instead of PTT?,Better audio quality,Continuous transmission,No issues,Improved clarity,,
5,1,1,What is the minimum cost for a headset designed for optimal microphone positioning?,£50,£100,£250,£500,,
6,1,2,"On first contact, who MUST use full callsigns?",Only the pilot,Only the controller,Both pilot and controller,"Neither, shortened is acceptable",,
7,1,2,Who can shorten the callsign first?,The pilot,The controller,Either party,Both simultaneously,,
8,1,2,What should you do if the controller shortens your callsign?,Continue using full callsign,Use the shortened version,Ask permission to shorten,Shorten it differently,,
9,1,2,"Complete this first contact: 'Shoreham Tower, request radio check'",G-TC,Golf-Tango-Charlie,G-GATC,GATC,,
10,1,2,"After the controller shortens 'G-GATC' to 'G-TC', which should you use?",G-GATC always,G-TC always,Either one,TC only,,
11,1,3,What does 'ROGER' mean?,I will comply with your instruction,I have heard and acknowledge your transmission,I understand and will act accordingly,"Message received and understood, will comply",,
12,1,3,What does 'WILCO' mean?,Will comply with request/instruction,"Roger, message received","Understood, standing by","Affirmative, proceeding",,
13,1,3,Is 'ROGER' an appropriate response to a clearance?,"Yes, always","No, never",Only for simple clearances,Only if busy,,
14,1,3,When should you use 'WILCO'?,To acknowledge information,To confirm receipt of clearance,To indicate compliance with instruction,To replace readbacks,,
15,1,3,"Which is correct after receiving 'Runway 27, cleared to land'?","Roger, G-TC","Wilco, G-TC","Cleared to land runway 27, G-TC","Understood, G-TC",,
16,1,4,What is the standard conspicuity code in the UK?,1200,7000,7700,0,,
17,1,4,What transponder mode is MANDATORY on VATSIM?,Mode A,Mode S,Mode Charlie (Mode C),Standby mode,,
18,1,4,When should you set your transponder to the assigned squawk code at an aerodrome?,Before engine start,At the hold before entering the runway,During taxi,After takeoff,,
19,1,4,What does 'Mode Charlie' refer to?,Transponder Mode A,Transponder Mode C with altitude reporting,Emergency frequency,Radio check procedure,,
20,1,4,What does 'Squawk IDENT' mean?,Change transponder code,Turn transponder off,Press the ident button,Set transponder to standby,,
21,1,5,The aviation priority order is:,"Communicate, Navigate, Aviate","Navigate, Aviate, Communicate","Aviate, Navigate, Communicate","Aviate, Communicate, Navigate",,
22,1,5,What should you do first in any situation?,Call ATC,Fly the aircraft,Check navigation,Update flight plan,,
23,1,5,When should you communicate with ATC?,Before flying the aircraft,While navigating,After aviating and navigating,Anytime,,
24,1,5,Who is responsible for informing ATC of flight problems?,ATC monitors automatically,The VFR pilot,Other aircraft,Ground services,,
25,1,5,What should you do if you cannot carry out a controller's instruction?,Try your best anyway,Ignore it,Inform ATC immediately,Wait to see what happens,,
26,1,6,What should you do when receiving clearances and instructions?,Memorize them,Write them down,Record them,Just listen carefully,,
27,1,6,Which transmissions require a readback?,All transmissions,Only clearances,Clearances and specific instructions,Nothing requires readback,,
28,1,6,What must always be read back?,Weather information,Traffic information,Altitude assignments,General advisories,,
29,1,6,"Complete this response to 'Taxi hold Alpha 1 runway 27 via Alpha': 'Taxi hold __, runway __, via __, G-TC'","A1, 27, A","Alpha 1, 27, Alpha","point Alpha 1, two seven, taxiway Alpha","short, active, assigned route",,
30,1,6,What should you do if you get an instruction wrong in your readback?,Keep quiet and comply as best you can,Ask for clarification,The controller will correct you,Try to figure it out,,
31,1,7,What does QNH represent?,Airport elevation,Sea level pressure setting,Local barometric pressure,Circuit height,,
32,1,7,What does QFE represent?,Sea level pressure,Airport field elevation pressure,Standard pressure setting,Flight level pressure,,
33,1,7,"When flying circuits, which pressure setting is typically used?",Always QNH,Always QFE,"Either, as published for the airfield",Standard pressure,,
34,1,7,"At Shoreham, what is the relationship between QNH and QFE?",QNH is higher,QFE is higher,They are the same (negligible difference),It varies daily,,
35,1,7,"Complete: 'Altitude 2300 feet, QNH __'",1009,one zero zero niner,1009 hectopascals,All acceptable formats,,
36,1,8,What is a basic VATSIM rule about connection location?,Connect anywhere on the airport,Never connect on the active runway,Always connect at the gate,Connect in the air if preferred,,
37,1,8,What might happen if you connect on the active runway?,Warning from controller,Request to move or disconnect,Interview with VATSIM Supervisor,All of the above,,
38,1,8,What should you do before connecting to VATSIM?,File a flight plan,Check aircraft is not on runway,Set transponder to 7000,Contact ATC,,
39,1,8,Why does FSX sometimes start with aircraft on the runway?,It's the default setting,Incorrect airport options selected during startup,Random placement,User preference,,
40,1,8,What is required for VATSIM controllers to see your details?,Voice communication only,Valid flight plan and Mode Charlie,Text messages,Airport proximity,,
41,1,9,What must be included in the pilot's initial call?,Aircraft type only,Position only,Type of service required,Destination only,,
42,1,9,"Complete this initial call: 'Thames Radar, G-GATC, request __'",service,flight information service,help,assistance,,
43,1,9,What does 'Pass your message' mean?,Repeat transmission,Continue with your request/report,State your message clearly,Transmit when ready,,
44,1,9,"Fill in: 'G-GATC, Thames Radar, __'",pass your message,go ahead,state intentions,continue,,
45,1,9,What should every pilot transmission include?,Aircraft type,Position,Callsign,Altitude,,
46,1,10,What does 'CONTACT' mean when handed off?,"Call the controller, details not passed","Call the controller, your details have been passed",Monitor the frequency,Change frequency when ready,,
47,1,10,What does 'FREECALL' mean?,No charge for the transmission,Call when convenient,Your details have not been passed to the next controller,Emergency frequency available,,
48,1,10,Complete: 'Frequency change __',approved,authorized,granted,confirmed,,
49,1,10,What does 'Monitor UNICOM 122.80' mean?,Change to UNICOM frequency,Listen to UNICOM frequency,Report to UNICOM,Use UNICOM for position reports,,
50,1,10,Fill in: 'Contact __ on __',"next controller, assigned frequency","Tower, 118.7","Approach, tower frequency","control, published frequency",,
51,2,1,How many standard methods of joining the circuit are there?,3,4,5,6,,
52,2,1,Which join requires ATC approval at controlled airfields?,Crosswind join,Standard overhead join,All joins,Straight-in join,,
53,2,1,What is the standard approach altitude for overhead joins?,1500 feet AGL,2000 feet AGL or circuit height + 500',Circuit height + 1000 feet,As assigned by ATC,,
54,2,1,List the five standard joining methods:,"Straight-in, Base, Crosswind, Downwind, Overhead","Direct, Standard, Emergency, Practice, Training","Visual, Instrument, Radar, Procedural, Standard","North, South, East, West, Overhead",,
55,2,1,Which join is used at uncontrolled airfields?,Straight-in join,Base leg join,Standard overhead join,Crosswind join,,
56,2,2,What altitude should you maintain for a standard overhead join?,1000 feet AGL,1500 feet AGL,2000 feet AGL or circuit height + 500',Circuit height + 1000 feet,,
57,2,2,"In a standard overhead join, which side do you descend on?",Live side,Dead side,Upwind side,Approach side,,
58,2,2,What does 'Dead side' mean?,Inactive runway side,Side opposite to circuit direction,Closed runway area,Restricted airspace,,
59,2,2,"Complete the overhead join call: 'G-GATC, in the ___ at ___'","overhead, 2000 feet","circuit, pattern height","approach, field elevation","pattern, circuit altitude",,
60,2,2,When are you 'in the overhead' versus 'overhead'?,Same thing,"In the overhead' at 2000' or below, 'overhead' above 2000'",Overhead' at circuit height,No difference,,
61,2,3,What does 'Join and report crosswind' mean?,Enter the circuit on crosswind leg,Join the circuit and call when on crosswind,Report before joining crosswind,Join via crosswind approach,,
62,2,3,At what distance from the runway centerline should you join crosswind?,1 nm,2-2.5 nm,3 nm,4 nm,,
63,2,3,Complete: 'Report ___ for runway ___',"crosswind, 20","established, active","joining, in use","turning, departure",,
64,2,3,What defines the crosswind leg?,Perpendicular to runway,90 degrees to runway heading,Track over upwind end of runway,All of the above,,
65,2,3,Fill in for a base join: 'Report left ___ for runway ___',"base, 23","turn, active","approach, in use","pattern, departure",,
66,2,4,When might you use a straight-in join?,When specifically cleared by ATC,At uncontrolled airports,In emergency situations,All of the above,,
67,2,4,What altitude should you be at for a straight-in join at 2nm?,500 feet AGL,1000 feet AGL,Circuit height,As assigned,,
68,2,4,How do you join downwind from the live side?,Direct to downwind leg,Inbound to NDB/VOR then turn downwind,Overhead then downwind,Via crosswind,,
69,2,4,Complete: 'Join and report ___ at ___',"downwind, circuit height","final, 2 miles","crosswind, 1600 feet","base, threshold",,
70,2,4,At what position should you call 'Downwind'?,Turning onto downwind leg,Opposite the runway midpoint,When established downwind opposite the runway,Before turning base,,
71,2,5,What are the two mandatory circuit calls?,Crosswind and final,Downwind and base,Downwind and final,Base and final,,
72,2,5,When should you call 'Final'?,Turning onto final approach,Established on final approach,2 miles from runway,When cleared to land,,
73,2,5,"Complete this circuit call: 'G-GATC, ___ runway ___'","downwind, 20","turning, active","established, in use","approaching, departure",,
74,2,5,What does 'Late downwind' mean?,You're behind schedule,Beyond the departure end of runway,Slow to report,Extended downwind leg,,
75,2,5,When should you make additional circuit calls beyond the mandatory ones?,Always,Never,When instructed or circumstances dictate,At uncontrolled airfields only,,
76,2,6,What does 'Long final' mean?,Extended final approach,Between 8 and 4 nm on straight-in approach,Slow approach speed,Long runway approach,,
77,2,6,What is a 'short final' call?,Final approach under 2 miles,Within 1 to 1.5 nm of threshold,Quick final call,Abbreviated transmission,,
78,2,6,"Complete: 'G-GATC, runway ___, ___'","27, final to land","active, established","in use, approach","departure, landing",,
79,2,6,When is 'Touch and go' announced?,On final approach,When cleared to land,During landing roll,Before takeoff,,
80,2,6,"Fill in the landing call: 'Runway 27, clear to land, ___'",surface wind 210 degrees 07 knots,winds calm,cleared to land,contact ground,,
81,2,7,What does 'Number 2' in traffic sequence mean?,Second runway,Second aircraft in sequence,Two aircraft ahead,Runway 02,,
82,2,7,"Complete: 'After the ___ aircraft, number ___'","landing, 2","departing, 1","Cessna, 3","preceding, next",,
83,2,7,Fill in: 'Report ___ for spacing',downwind,final,base,established,,
84,2,7,What does 'Continue approach' mean?,Maintain current approach,No change to clearance,Proceed as planned,All of the above,,
85,2,7,Complete: 'Behind the landing ___',"aircraft, line up and wait","Cessna, taxi","traffic, continue","plane, hold position",,
86,2,8,What is standard circuit direction?,Right-hand,Left-hand,Varies by runway,As published,,
87,2,8,What does 'Circuit height 1100 feet' typically refer to at most UK airfields?,Height above ground level (QFE),Height above sea level (QNH),"Either, depending on airfield",Standard pressure altitude,,
88,2,8,At what distance should you normally report for circuit joining?,2 nm,3 nm,4 nm,5 nm,,
89,2,8,Complete: 'Expect ___ join at ___ feet',"crosswind, 1600","overhead, 2000","standard, circuit height","normal, assigned altitude",,
90,2,8,What is the typical circuit leg length?,0.5 to 1 nm,1 to 2 nm,2 to 2.5 nm,3 to 4 nm,,
91,2,9,What is the 'Go-around' procedure?,Missed approach,Rejected landing,Full power climb,All of the above,,
92,2,9,"Complete this go-around call: 'G-GATC, ___'",going around,missed approach,abort landing,request vectors,,
93,2,9,What should you do after initiating a go-around?,"Full power, climb, clean up configuration",Level off and orbit,Request vectors,Continue approach,,
94,2,9,Which way should you move in a go-around?,Stay on extended centerline,Move to the circuit side of runway,Turn away from circuit,Climb straight ahead,,
95,2,9,Complete: 'Make ___ turn into the circuit',early,immediate,standard,normal,,
96,2,10,What does 'Orbit' mean in circuit operations?,Make a 360-degree turn,Hold in the overhead,Continue circuit pattern,Maintain current heading,,
97,2,10,Complete: 'Report ___ when able',position,final,vacated,established,,
98,2,10,When should you call ATC after landing?,When clear of runway,When stopped,When vacated if requested,At the gate,,
99,2,10,What does 'Own approach' mean?,Pilot responsible for approach,Visual approach authorized,No radar assistance provided,Self-navigation to runway,,
100,2,10,Fill in: 'Report ___ leg if required',base,final,crosswind,downwind,,
101,3,1,What are the three types of Flight Information Service available to VFR pilots?,"Basic, Traffic, Radar","Basic, Traffic, No Service","Flight Following, Traffic, Basic","Information, Advisory, Control",,
102,3,1,What does 'Basic Service' provide?,Full radar control,Traffic separation,Traffic information when workload permits,Navigation assistance,,
103,3,1,What does 'Traffic Service' provide?,Basic service plus radar-derived traffic information,Full separation service,Navigation guidance,Weather information,,
104,3,1,What is 'No Service'?,ATC unavailable,VFR on your own,Monitor frequency only,Emergency use only,,
105,3,1,Can a VFR pilot request a higher level of service?,"Yes, anytime","Yes, when workload permits","No, VFR pilots cannot request higher service",Only in emergency,,
106,3,2,"Under Basic Service, who is responsible for traffic avoidance?",Air Traffic Control,The pilot,Both pilot and ATC,Approach controller,,
107,3,2,"Fill in: 'G-TC, ___ service, squawk ___'","basic, 7033","traffic, assigned","flight information, 7000","radar, current",,
108,3,2,What does 'Due workload' mean for service level?,No service available,Limited service provided,Normal service continues,Priority traffic only,,
109,3,2,"Complete this service acknowledgment: 'G-TC, ___ service'",basic,flight information,traffic,radar,,
110,3,2,What should you do if receiving Basic Service?,Follow all ATC instructions,Maintain own separation,Report all traffic,Request higher service,,
111,3,3,What must you do when receiving Traffic Service?,Follow all ATC vectors,Notify ATC of level changes,Maintain assigned heading,Report all traffic sighted,,
112,3,3,Is Traffic Service surveillance-based?,"Yes, radar-based","No, procedural only",Sometimes,Depends on location,,
113,3,3,Will you be given headings for deconfliction under Traffic Service?,"Yes, always","Yes, for sequencing and routing only","No, never",Only in emergency,,
114,3,3,Who is responsible for traffic avoidance under Traffic Service?,ATC provides separation,The pilot,Both ATC and pilot,Approach controller,,
115,3,3,Complete: 'Report before ___ to ___',"returning, Shoreham","departing, destination","landing, airport","changing, next frequency",,
116,3,4,Which airspace prohibits VFR flight?,Class B,Class C,Class D,Class A,,
117,3,4,What is required for Class E airspace entry?,Prior permission,ATC clearance,Report entry and exit,Flight plan filing,,
118,3,4,What is required for Class D airspace entry?,ATC clearance,Flight plan,Radio contact,Transponder Mode C,,
119,3,4,Can you fly freely in Class E airspace?,"Yes, but must report entry/exit and remain VMC","No, clearance required","Yes, no restrictions",Only with flight plan,,
120,3,4,Complete: 'Remain clear of ___ airspace',controlled,restricted,class D,terminal,,
121,3,5,What does CEPHACER stand for?,"Callsign, Enroute, Position, Heading, Altitude, Condition, Estimate, Request","Call, Estimate, Position, Height, Aircraft, Course, Exit, Route","Code, Entry, Point, Heading, Altitude, Clearance, Estimate, Report","Contact, Enroute, Position, Height, Altitude, Code, Estimate, Request",,
122,3,5,Fill in the C of CEPHACER:,Call,Callsign and aircraft type,Contact,Code,,
123,3,5,What does the E stand for in CEPHACER?,Estimate,Enroute from/to,Entry,Exit,,
124,3,5,"Complete a position report: 'G-GATC, C172, out of Biggin, ___, ___, ___'","position, altitude, heading","overhead Sevenoaks, 2300 feet QNH 1009","routing to Shoreham, VFR",all elements required,,
125,3,5,What is the last R in CEPHACER?,Routing,Request (service),Report,Radar,,
126,3,6,What is the standard VFR squawk code in the UK?,1200,7000,7700,0,,
127,3,6,What is the standard VFR squawk code in most other countries?,1200,7000,7500,0,,
128,3,6,"Complete: 'G-TC, squawk ___ and ___'","7000, standby","code, ident","transponder, report","7033, contact",,
129,3,6,What does 'Squawk standby' mean?,Turn off transponder,Set transponder to standby mode,Wait for instructions,Monitor frequency,,
130,3,6,When should you set transponder to Mode Charlie?,Before engine start,At the hold before runway,During taxi,Always active on VATSIM,,
131,3,7,"Fill in this traffic information: 'Traffic is a ___, ___ o'clock, ___ miles'","Cessna, 11, 4","light aircraft, two, 3","PA28, twelve, five","small aircraft, 1, 2",,
132,3,7,How should you respond to traffic information?,Roger,Traffic in sight,Copy traffic or Looking,Wilco,,
133,3,7,What does 'No reported traffic' mean?,No traffic in area,No aircraft have reported to ATC,Clear to proceed,No conflicting traffic,,
134,3,7,"Complete: 'G-TC, copy the ___'",traffic,message,information,clearance,,
135,3,7,Should you read back traffic information?,"Yes, always","No, just acknowledge",Only if you see the traffic,Only in busy airspace,,
136,3,8,What is a VRP?,Very high frequency Reporting Point,Visual Reference Point,VFR Reporting Point,Visual Recognition Point,,
137,3,8,"Complete: 'G-TC, report ___ VRP'",overhead,at,passing,approaching,,
138,3,8,Fill in: 'Report ___ the frequency',leaving,changing,monitoring,on,,
139,3,8,What does 'Report before returning to Shoreham' mean?,Call before landing,Contact ATC before re-entering ATZ,Report position before approach,Advise before frequency change,,
140,3,8,"Complete this VRP report: 'G-GATC, overhead ___'",Sevenoaks,reporting point,VRP,waypoint,,
141,3,9,What is the difference between 'Contact' and 'Freecall'?,"Contact = details passed, Freecall = details not passed","Contact = immediate, Freecall = when ready","Contact = required, Freecall = optional",No difference,,
142,3,9,Complete this handoff: 'Contact ___ on ___',"Thames Radar, 132.70","next controller, assigned frequency","approach, tower frequency","control, published frequency",,
143,3,9,What does 'Frequency change approved' mean?,Change frequency now,You may change frequency,Monitor new frequency,Report on new frequency,,
144,3,9,"Fill in: 'G-TC, you are leaving my airspace, ___'",report leaving the frequency,contact next controller,monitor UNICOM,squawk 7000,,
145,3,9,When should you report to a new controller?,Immediately after frequency change,When convenient,Only if requested,At specified reporting points,,
146,3,10,What service level do you get in Class E airspace under Approach control?,Basic Service,Traffic Service,No Service,Full ATC service,,
147,3,10,"Complete: 'Basic service, remain outside ___'",controlled airspace,class D zones,terminal areas,restricted areas,,
148,3,10,What does 'Workload permitting' mean?,When ATC is not busy,If time allows,Service depends on traffic levels,Low priority service,,
149,3,10,Fill in: 'Report ___ miles DME',at 5,overhead,within,approaching,,
150,3,10,When should you squawk 7000?,Always,When not assigned a code,In uncontrolled airspace,For VFR flight,,
151,4,1,What must you obtain before entering controlled airspace?,Flight plan approval,ATC clearance,Radio contact,Squawk code,,
152,4,1,When should you call for a zone transit?,5 minutes before entry,10 minutes before entry,In good time - at least 10 minutes or 15nm away,When at zone boundary,,
153,4,1,"Complete this transit request: 'City Tower, G-GATC, request ___'",zone transit north to south,airspace crossing,transit clearance,permission to enter,,
154,4,1,Why should you call early for zone transit?,Controllers need time to coordinate,Traffic planning required,Route clearance needed,All of the above,,
155,4,1,What happens if you enter controlled airspace without clearance?,Warning from controller,VATSIM violation,Safety issue,All of the above,,
156,4,2,What are you normally given for a zone transit?,"Entry point, altitude, route, exit point",Squawk code only,Vectors to destination,Frequency change,,
157,4,2,Complete: 'Cleared to enter ___ zone via ___ at ___',"City, M11 Junction, 2000 feet","controlled, entry point, assigned altitude","terminal, VRP, flight level","Class D, reporting point, height",,
158,4,2,What does 'Not above 2000 feet' mean?,Maintain exactly 2000 feet,Stay below 2000 feet,No higher than 2000 feet,Descend to 2000 feet,,
159,4,2,Complete: 'Report ___ in sight',runway,airfield,airport,threshold,,
160,4,2,What should you read back from a zone transit clearance?,Entry point only,Altitude only,All elements of the clearance,Just the squawk code,,
161,4,3,What is the usual transit route through London City zone?,Direct routing,Overhead the runway,Via specific VRPs,As requested by pilot,,
162,4,3,What should you do when told 'Cross the 27 numbers'?,Cross runway 27 at the threshold,Pass over the approach end of runway 27,Land on runway 27,Report at runway 27,,
163,4,3,"Complete this transit call: 'G-GATC, ___ the river'",south of,crossing,overhead,approaching,,
164,4,3,What does 'Report south of the river' mean in London City transit?,Call when south of Thames,Report Thames crossing,Navigate south of river,Continue south,,
165,4,3,Complete: 'Cross at ___ feet QFE ___',"2000, 1008","circuit height, local","assigned altitude, airport","specified level, field",,
166,4,4,When are you 'Clear to leave the zone'?,At zone boundary,When ATC says so,After crossing final reporting point,When changing frequency,,
167,4,4,What happens to your squawk code after zone transit?,Keep same code,Usually return to 7000,Set to standby,As directed by ATC,,
168,4,4,Complete: 'Clear to leave the zone to the ___',south,destination,west,assigned direction,,
169,4,4,Fill in: 'Remain clear of ___',controlled airspace,other traffic,restricted areas,active runways,,
170,4,4,What should you monitor after leaving a zone?,Tower frequency,UNICOM or next controller,Emergency frequency,Previous controller,,
171,4,5,What is the difference between zone transit and zone entry?,"Transit crosses zone, entry is to land",Same thing,Entry is temporary,Transit requires higher clearance,,
172,4,5,"Fill in this zone entry request: 'Stansted Approach, G-GATC, ___ for join'",zone entry,request clearance,inbound,approaching,,
173,4,5,What should you include in a zone entry request?,Position and intentions,Aircraft type,ATIS information,All of the above,,
174,4,5,Complete: 'Report ___ at 1500 feet',Great Dunmow,next waypoint,assigned VRP,entry point,,
175,4,5,When might you be given multiple reporting points?,When traffic is light,When ATC workload is low,When sequencing is required,Only in emergencies,,
176,4,6,What is a clearance limit in zone entry?,Point to stop,Altitude restriction,Time restriction,Frequency change,,
177,4,6,What does 'Cleared to enter via VRP' mean?,Enter through specified VRP,Enter anywhere,Enter at circuit height,Enter without clearance,,
178,4,6,Complete: 'Report ___ overhead',VRP,airfield,runway,threshold,,
179,4,6,What does 'Remain outside controlled airspace' mean?,Do not enter without clearance,Stay below circuit height,Orbit until cleared,Contact ATC,,
180,4,6,When might ATC refuse zone entry?,Traffic congestion,Weather conditions,Safety reasons,All of the above,,
181,4,7,What is a 'VFR lane' in controlled airspace?,Designated corridor for VFR,Runway approach path,Holding pattern,Emergency route,,
182,4,7,Complete: 'Transit approved via ___ lane',VFR,IFR,radar,direct,,
183,4,7,What does 'Report entering lane' mean?,Call when entering,Call when leaving,Call when overhead,Call when cleared,,
184,4,7,What is the purpose of a VFR lane?,Provide separation,Allow safe transit,Organize traffic,All of the above,,
185,4,7,Complete: 'Report leaving ___',lane,airspace,frequency,VRP,,
186,4,8,What is a 'Zone boundary'?,Edge of controlled airspace,Runway threshold,Circuit entry point,ATZ limit,,
187,4,8,Complete: 'Report approaching ___ boundary',zone,airfield,runway,frequency,,
188,4,8,What does 'Cleared to cross boundary' mean?,You may enter,You may leave,You may orbit,You may change frequency,,
189,4,8,What should you do after crossing boundary?,Contact next controller,Monitor UNICOM,Squawk 7000,All of the above,,
190,4,8,Complete: 'Report clear of ___',zone,airfield,runway,frequency,,
191,4,8,What does 'Leaving controlled airspace' mean?,You are outside ATC jurisdiction,You must squawk standby,You must orbit,You must land,,
192,4,9,What is a 'Zone transit clearance'?,Permission to cross,Permission to land,Permission to orbit,Permission to change frequency,,
193,4,9,Complete: 'Cleared to transit ___ via ___',"zone, VRP","airfield, runway","boundary, frequency","sector, altitude",,
194,4,9,What does 'Maintain altitude not above 1500 feet' mean?,Stay below 1500 feet,Maintain exactly 1500 feet,Descend to 1500 feet,Climb to 1500 feet,,
195,4,9,Complete: 'Report ___ leaving zone',position,altitude,VRP,frequency,,
196,4,9,What happens if you fail to report leaving zone?,Controller may call you,Supervisor may intervene,Traffic conflict may occur,All of the above,,
197,4,10,What is a 'Zone entry clearance'?,Permission to land,Permission to enter,Permission to change frequency,Permission to orbit,,
198,4,10,Complete: 'Cleared to enter ___ via ___ at ___',"zone, VRP, altitude","airfield, runway, circuit","boundary, frequency, height","sector, waypoint, level",,
199,4,10,What does 'Report entering zone' mean?,Call when entering,Call when leaving,Call when overhead,Call when cleared,,
200,4,10,Complete: 'Report leaving ___ airspace',controlled,restricted,class D,terminal,,
201,5,1,What is the purpose of a MATZ (Military Aerodrome Traffic Zone)?,Protect military traffic,Provide separation,Assist civil traffic,All of the above,,
202,5,1,What clearance is required to enter a MATZ?,ATC clearance,MATZ penetration approval,Flight plan,None,,
203,5,1,Complete: 'Request MATZ ___',penetration,entry,transit,clearance,,
204,5,1,What altitude is typical for MATZ penetration?,1000 feet,1500 feet,2000 feet,As assigned,,
205,5,1,What should you report when entering MATZ?,Position,Altitude,Intentions,All of the above,,
206,5,2,What is a Danger Area?,Restricted airspace,Area of hazardous activity,Military training zone,Temporary restricted zone,,
207,5,2,Can you fly through a Danger Area?,"Yes, anytime","No, never","Yes, if inactive",Only with clearance,,
208,5,2,Complete: 'Remain clear of ___',danger area,restricted zone,MATZ,ATZ,,
209,5,2,What does 'Active Danger Area' mean?,Hazard present,Military activity,Restricted,All of the above,,
210,5,2,Who provides information about Danger Areas?,ATC,AIS,Pilots,Military,,
211,5,3,What is an ATZ (Aerodrome Traffic Zone)?,Controlled airspace,Airspace around an aerodrome,Military zone,Restricted area,,
212,5,3,What clearance is required to enter an ATZ?,ATC clearance,Radio contact,Flight plan,None,,
213,5,3,Complete: 'Report entering ___',ATZ,MATZ,CTR,Danger Area,,
214,5,3,What is the vertical limit of an ATZ?,1000 feet,1500 feet,2000 feet,2500 feet,,
215,5,3,What is the horizontal limit of an ATZ?,1 nm,2 nm,3 nm,5 nm,,
216,5,4,What is a CTR (Control Zone)?,Controlled airspace around major airports,Military zone,Danger Area,Restricted area,,
217,5,4,What clearance is required to enter a CTR?,Radio contact,ATC clearance,Flight plan,None,,
218,5,4,Complete: 'Cleared to enter ___',CTR,ATZ,MATZ,Danger Area,,
219,5,4,What is the vertical limit of a CTR?,2000 feet,3000 feet,4000 feet,As published,,
220,5,4,What is the horizontal limit of a CTR?,2 nm,5 nm,10 nm,As published,,
221,5,5,What is a Restricted Area?,Airspace closed to all traffic,Airspace with limitations,Military zone,Danger Area,,
222,5,5,Can you fly through a Restricted Area?,"Yes, anytime","No, never","Yes, with clearance",Only if inactive,,
223,5,5,Complete: 'Remain clear of ___',restricted area,danger area,CTR,ATZ,,
224,5,5,Who issues clearance for Restricted Areas?,ATC,AIS,Military,CAA,,
225,5,5,What happens if you enter a Restricted Area without clearance?,Warning,Violation,Safety issue,All of the above,,
226,5,6,What is a Prohibited Area?,Airspace closed to all traffic,Airspace with limitations,Military zone,Danger Area,,
227,5,6,Can you fly through a Prohibited Area?,"Yes, anytime","No, never","Yes, with clearance",Only if inactive,,
228,5,6,Complete: 'Remain clear of ___',prohibited area,restricted area,danger area,CTR,,
229,5,6,Who enforces Prohibited Areas?,ATC,CAA,Military,AIS,,
230,5,6,What happens if you enter a Prohibited Area?,Warning,Violation,Safety issue,All of the above,,
231,5,7,What is a TMZ (Transponder Mandatory Zone)?,Airspace requiring Mode C,Airspace requiring Mode S,Airspace requiring transponder,All of the above,,
232,5,7,What clearance is required to enter a TMZ?,ATC clearance,None,Radio contact,Flight plan,,
233,5,7,Complete: 'Squawk ___',7000,Mode C,assigned code,standby,,
234,5,7,What happens if you enter TMZ without transponder?,Warning,Violation,Safety issue,All of the above,,
235,5,7,Who enforces TMZ rules?,ATC,CAA,Military,AIS,,
236,5,8,What is a RMZ (Radio Mandatory Zone)?,Airspace requiring radio contact,Airspace requiring clearance,Airspace requiring transponder,Restricted area,,
237,5,8,What clearance is required to enter RMZ?,ATC clearance,None,Radio contact,Flight plan,,
238,5,8,Complete: 'Report ___ entering RMZ',position,altitude,frequency,VRP,,
239,5,8,What happens if you enter RMZ without radio?,Warning,Violation,Safety issue,All of the above,,
240,5,8,Who enforces RMZ rules?,ATC,CAA,Military,AIS,,
241,5,9,What is a Flight Information Region (FIR)?,Controlled airspace,Region of responsibility,Military zone,Restricted area,,
242,5,9,What clearance is required to enter FIR?,ATC clearance,None,Radio contact,Flight plan,,
243,5,9,Complete: 'Report ___ entering FIR',position,altitude,frequency,VRP,,
244,5,9,What services are provided in FIR?,Basic,Traffic,Radar,All of the above,,
245,5,9,Who manages FIR?,ATC,CAA,Military,AIS,,
246,5,10,What is a UIR (Upper Information Region)?,Airspace above FIR,Controlled airspace,Military zone,Restricted area,,
247,5,10,What clearance is required to enter UIR?,ATC clearance,None,Radio contact,Flight plan,,
248,5,10,Complete: 'Report ___ entering UIR',position,altitude,frequency,VRP,,
249,5,10,What services are provided in UIR?,Basic,Traffic,Radar,All of the above,,
250,5,10,Who manages UIR?,ATC,CAA,Military,AIS,,
251,6,1,What is the international distress frequency?,121.5 MHz,243.0 MHz,118.0 MHz,122.8 MHz,,
252,6,1,What is the military distress frequency?,121.5 MHz,243.0 MHz,118.0 MHz,122.8 MHz,,
253,6,1,What does 'Mayday' mean?,Urgent,Emergency,Distress,Request,,
254,6,1,What does 'Pan Pan' mean?,Urgency,Emergency,Distress,Routine,,
255,6,1,What does 'Security' mean in aviation?,Safety message,Urgency,Distress,Routine,,
256,6,2,What is the squawk code for general emergency?,7000,7500,7600,7700,,
257,6,2,What is the squawk code for radio failure?,7000,7500,7600,7700,,
258,6,2,What is the squawk code for unlawful interference?,7000,7500,7600,7700,,
259,6,2,What should you do after squawking 7700?,Continue flight,Await ATC instructions,Land immediately,Maintain heading,,
260,6,2,What should you do after squawking 7600?,Continue flight,Await ATC instructions,Maintain visual separation,Follow lost comms procedures,,
261,6,3,What phrase is used to declare fuel emergency?,Mayday fuel,Pan Pan fuel,Minimum fuel,Low fuel,,
262,6,3,What phrase is used to declare immediate fuel emergency?,Mayday fuel,Pan Pan fuel,Minimum fuel,Low fuel,,
263,6,3,What should you report when declaring minimum fuel?,Position,Fuel state,Intentions,All of the above,,
264,6,3,What should you do after declaring Mayday fuel?,Land immediately,Continue flight,Await ATC instructions,Orbit,,
265,6,3,What is the priority order in emergencies?,"Communicate, Navigate, Aviate","Navigate, Aviate, Communicate","Aviate, Navigate, Communicate","Aviate, Communicate, Navigate",,
266,6,4,What is the phrase for medical emergency?,Mayday medical,Pan Pan medical,Medical emergency,Urgent medical,,
267,6,4,What should you report in a medical emergency?,Nature of emergency,Number of persons affected,Intentions,All of the above,,
268,6,4,What should ATC provide in a medical emergency?,Vectors,Priority landing,Information,All of the above,,
269,6,4,What phrase is used for unlawful interference?,Mayday unlawful,Pan Pan unlawful,Security unlawful,Mayday hijack,,
270,6,4,What should you do after declaring hijack?,Follow ATC,Follow security procedures,Squawk 7500,All of the above,,
271,6,5,What is the phrase for lost communications?,Mayday comms,Pan Pan comms,Radio failure,Lost comms,,
272,6,5,What should you do after lost comms?,Squawk 7600,Follow lost comms procedures,Maintain separation,All of the above,,
273,6,5,What should you do if in controlled airspace with lost comms?,Continue flight,Follow last clearance,Exit airspace,Land immediately,,
274,6,5,What should you do if in uncontrolled airspace with lost comms?,Continue flight,Land immediately,Orbit,Maintain separation,,
275,6,5,What should you do if unable to re-establish comms?,Land immediately,Continue flight,Await ATC,Orbit,,
276,6,6,What is the phrase for engine failure?,Mayday engine,Pan Pan engine,Engine failure,Urgent engine,,
277,6,6,What should you report in engine failure?,Position,Altitude,Intentions,All of the above,,
278,6,6,What should you do after engine failure?,Land immediately,Orbit,Await ATC,Continue flight,,
279,6,6,What should ATC provide in engine failure?,Vectors,Priority landing,Information,All of the above,,
280,6,6,What phrase is used for partial engine failure?,Mayday partial,Pan Pan engine,Engine problem,Urgent engine,,
281,6,7,What is the phrase for navigation failure?,Mayday nav,Pan Pan nav,Lost navigation,Navigation failure,,
282,6,7,What should you report in navigation failure?,Position,Nature of failure,Intentions,All of the above,,
283,6,7,What should ATC provide in navigation failure?,Vectors,Information,Priority landing,All of the above,,
284,6,7,What should you do after navigation failure?,Land immediately,Orbit,Await ATC,Follow ATC instructions,,
285,6,7,What phrase is used for GPS failure?,Mayday GPS,Pan Pan GPS,GPS failure,Lost GPS,,
286,6,8,What is the phrase for weather emergency?,Mayday weather,Pan Pan weather,Weather emergency,Urgent weather,,
287,6,8,What should you report in weather emergency?,Position,Nature of weather,Intentions,All of the above,,
288,6,8,What should ATC provide in weather emergency?,Vectors,Information,Priority landing,All of the above,,
289,6,8,What should you do after weather emergency?,Land immediately,Orbit,Await ATC,Follow ATC instructions,,
290,6,8,What phrase is used for turbulence emergency?,Mayday turbulence,Pan Pan turbulence,Turbulence emergency,Urgent turbulence,,
291,6,9,What is the phrase for icing emergency?,Mayday icing,Pan Pan icing,Icing emergency,Urgent icing,,
292,6,9,What should you report in icing emergency?,Position,Nature of icing,Intentions,All of the above,,
293,6,9,What should ATC provide in icing emergency?,Vectors,Information,Priority landing,All of the above,,
294,6,9,What should you do after icing emergency?,Land immediately,Orbit,Await ATC,Follow ATC instructions,,
295,6,9,What phrase is used for bird strike emergency?,Mayday bird,Pan Pan bird,Bird strike,Urgent bird,,
296,6,10,What should you report in bird strike emergency?,Position,Nature of strike,Intentions,All of the above,,
297,6,10,What should ATC provide in bird strike emergency?,Vectors,Information,Priority landing,All of the above,,
298,6,10,What phrase is used for general emergency?,Mayday,Pan Pan,Security,Urgent,,
299,6,10,What should you report in general emergency?,Position,Nature of emergency,Intentions,All of the above,,
300,6,10,What should ATC provide in general emergency?,Vectors,Information,Priority landing,All of the above,,