"Section Number","Part Number","Section Name","Part Name"
"1","1","BASIC PROCEDURES AND EQUIPMENT","Radio Equipment Setup"
"1","2","BASIC PROCEDURES AND EQUIPMENT","Callsign Procedures"
"1","3","BASIC PROCEDURES AND EQUIPMENT","Standard Phraseology - Roger and Wilco"
"1","4","BASIC PROCEDURES AND EQUIPMENT","Transponder Operations"
"1","5","BASIC PROCEDURES AND EQUIPMENT","Communication Priorities"
"1","6","BASIC PROCEDURES AND EQUIPMENT","Reading Back Instructions"
"1","7","BASIC PROCEDURES AND EQUIPMENT","Pressure Settings and Altimetry"
"1","8","BASIC PROCEDURES AND EQUIPMENT","VATSIM Connection Rules"
"1","9","BASIC PROCEDURES AND EQUIPMENT","Initial Contact Procedures"
"1","10","BASIC PROCEDURES AND EQUIPMENT","Frequency Management"
"2","1","CIRCUIT PROCEDURES AND JOINING METHODS","Standard Joining Methods Overview"
"2","2","CIRCUIT PROCEDURES AND JOINING METHODS","The Standard Overhead Join"
"2","3","CIRCUIT PROCEDURES AND JOINING METHODS","Crosswind and Base Joins"
"2","4","CIRCUIT PROCEDURES AND JOINING METHODS","Straight-In and Downwind Joins"
"2","5","CIRCUIT PROCEDURES AND JOINING METHODS","Mandatory Circuit Calls"
"2","6","CIRCUIT PROCEDURES AND JOINING METHODS","Final Approach Calls"
"2","7","CIRCUIT PROCEDURES AND JOINING METHODS","Traffic Sequencing in the Circuit"
"2","8","CIRCUIT PROCEDURES AND JOINING METHODS","Circuit Dimensions and Heights"
"2","9","CIRCUIT PROCEDURES AND JOINING METHODS","Go-Around Procedures"
"2","10","CIRCUIT PROCEDURES AND JOINING METHODS","Special Circuit Procedures"
"3","1","AIRSPACE AND FLIGHT INFORMATION SERVICES","Flight Information Service Types"
"3","2","AIRSPACE AND FLIGHT INFORMATION SERVICES","Basic Service Procedures"
"3","3","AIRSPACE AND FLIGHT INFORMATION SERVICES","Traffic Service Requirements"
"3","4","AIRSPACE AND FLIGHT INFORMATION SERVICES","Airspace Classifications"
"3","5","AIRSPACE AND FLIGHT INFORMATION SERVICES","Position Reporting - CEPHACER"
"3","6","AIRSPACE AND FLIGHT INFORMATION SERVICES","Squawk Codes and Transponder"
"3","7","AIRSPACE AND FLIGHT INFORMATION SERVICES","Traffic Information"
"3","8","AIRSPACE AND FLIGHT INFORMATION SERVICES","VRP Operations"
"3","9","AIRSPACE AND FLIGHT INFORMATION SERVICES","Frequency Changes and Handoffs"
"3","10","AIRSPACE AND FLIGHT INFORMATION SERVICES","Service Restrictions and Requirements"
"4","1","ZONE TRANSITS AND ENTRIES","Zone Transit Basics"
"4","2","ZONE TRANSITS AND ENTRIES","Zone Transit Clearances"
"4","3","ZONE TRANSITS AND ENTRIES","London City Zone Transit"
"4","4","ZONE TRANSITS AND ENTRIES","Zone Transit Completion"
"4","5","ZONE TRANSITS AND ENTRIES","Zone Entry Procedures"
"4","6","ZONE TRANSITS AND ENTRIES","Zone Entry Clearances"
"4","7","ZONE TRANSITS AND ENTRIES","Controller Coordination"
"4","8","ZONE TRANSITS AND ENTRIES","Zone Entry to Major Airports"
"4","9","ZONE TRANSITS AND ENTRIES","Special Zone Procedures"
"4","10","ZONE TRANSITS AND ENTRIES","Zone Transit Planning"
"5","1","Airspace Types and Special Zones (MATZ, Danger Areas, ATZ, CTR, Restricted, Prohibited, TMZ, RMZ, FIR, UIR).","MATZ (Military Aerodrome Traffic Zone)"
"5","2","Airspace Types and Special Zones (MATZ, Danger Areas, ATZ, CTR, Restricted, Prohibited, TMZ, RMZ, FIR, UIR).","Danger Areas"
"5","3","Airspace Types and Special Zones (MATZ, Danger Areas, ATZ, CTR, Restricted, Prohibited, TMZ, RMZ, FIR, UIR).","ATZ (Aerodrome Traffic Zone)"
"5","4","Airspace Types and Special Zones (MATZ, Danger Areas, ATZ, CTR, Restricted, Prohibited, TMZ, RMZ, FIR, UIR).","CTR (Control Zone)"
"5","5","Airspace Types and Special Zones (MATZ, Danger Areas, ATZ, CTR, Restricted, Prohibited, TMZ, RMZ, FIR, UIR).","Restricted Areas"
"5","6","Airspace Types and Special Zones (MATZ, Danger Areas, ATZ, CTR, Restricted, Prohibited, TMZ, RMZ, FIR, UIR).","Prohibited Areas"
"5","7","Airspace Types and Special Zones (MATZ, Danger Areas, ATZ, CTR, Restricted, Prohibited, TMZ, RMZ, FIR, UIR).","TMZ (Transponder Mandatory Zone)"
"5","8","Airspace Types and Special Zones (MATZ, Danger Areas, ATZ, CTR, Restricted, Prohibited, TMZ, RMZ, FIR, UIR).","RMZ (Radio Mandatory Zone)"
"5","9","Airspace Types and Special Zones (MATZ, Danger Areas, ATZ, CTR, Restricted, Prohibited, TMZ, RMZ, FIR, UIR).","FIR (Flight Information Region)"
"5","10","Airspace Types and Special Zones (MATZ, Danger Areas, ATZ, CTR, Restricted, Prohibited, TMZ, RMZ, FIR, UIR).","UIR (Upper Information Region)"
"6","1","EMERGENCIES, ADVANCED PROCEDURES, AND SPECIAL SITUATIONS","Emergency Classifications"
"6","2","EMERGENCIES, ADVANCED PROCEDURES, AND SPECIAL SITUATIONS","Emergency Call Structure"
"6","3","EMERGENCIES, ADVANCED PROCEDURES, AND SPECIAL SITUATIONS","Fuel Emergencies"
"6","4","EMERGENCIES, ADVANCED PROCEDURES, AND SPECIAL SITUATIONS","Medical & Security Emergencies"
"6","5","EMERGENCIES, ADVANCED PROCEDURES, AND SPECIAL SITUATIONS","Radio Failure"
"6","6","EMERGENCIES, ADVANCED PROCEDURES, AND SPECIAL SITUATIONS","Engine Failures"
"6","7","EMERGENCIES, ADVANCED PROCEDURES, AND SPECIAL SITUATIONS","Navigation Emergencies"
"6","8","EMERGENCIES, ADVANCED PROCEDURES, AND SPECIAL SITUATIONS","Weather Emergencies"
"6","9","EMERGENCIES, ADVANCED PROCEDURES, AND SPECIAL SITUATIONS","Environmental Emergencies (Icing/Bird Strke)"
"6","10","EMERGENCIES, ADVANCED PROCEDURES, AND SPECIAL SITUATIONS","Advanced Emergency and Special Procedures"